triangular_1,uniform_2,uniform_3,normal_4,categorical_5,categorical_6,normal_7
56.570325590959264,9.992279273873283,6.410845513348413,-0.13146426059220903,2,12,10.567434323039144
79.02279278285158,12.140196284304125,9.143285957944695,1.320360532622804,3,13,11.935250556410805
69.65172661623649,12.198295824223601,5.081594972685592,0.57673434065383,4,1,12.096262191084039
52.07035129627949,8.783327537819105,10.345395265578839,0.669772816325606,1,6,9.598604911783017
81.73398212194088,9.883683715789086,2.550360849694215,-0.9774139966019141,7,5,10.312692380781046
52.03797169920299,11.581255636547002,13.793993799539637,0.18864303081010328,1,2,11.796776708576886
50.71729903889509,8.696668612649809,3.7654126213794625,2.100976385874625,2,11,10.145306953555075
63.56304480327633,9.991364211703178,14.757544741720473,0.038752751569478584,8,4,10.93072421698052
48.45259670741457,8.942483977416208,9.076380000312588,-0.06623155094676163,1,11,10.703594860718413
69.8275867430219,12.29877109844691,6.540306854516375,0.7964454096173819,4,9,10.11673000264895
48.95414672910467,8.162012526798293,2.23881484332626,-0.5856607258675544,4,15,11.189378163068874
62.556178302951906,12.08488909434499,5.390207359309164,0.7601618530345208,6,12,11.746461730101721
57.671582401040084,9.31932780887661,12.806623440289131,0.7376552242366773,7,11,11.04293807725639
70.016904103314,12.367074739215898,10.060191289054988,0.08695413913976528,7,12,11.39453222632735
62.557263241098894,12.547978516093716,2.1369748452604873,0.04616673395442699,8,8,11.395017615154217
75.90697137726869,9.07817275222527,2.2512050299049022,-0.4118377722802562,3,0,12.489150514581056
54.69051741289696,11.79589648611749,7.3394006897788255,-0.17048621203906442,4,15,10.553359194294167
79.1899254946748,8.86580392399333,11.049015949084902,1.2261472701551717,2,6,9.949987488927706
85.17197121897634,10.857279204606101,2.9141746700584523,-1.4845393861716687,8,13,12.084203869301826
52.21452275404252,9.404115276793434,2.7208313646936024,1.1318742233174066,3,10,11.344167627987506
53.66558358107976,12.65654871147018,14.804698372659496,1.8662401733556049,2,2,12.107837481734657
61.736365723741145,10.479606440935173,4.548442140963614,-0.9647075420762656,5,13,10.283201987136001
76.25376228338364,9.769684159884775,14.169269381222403,-0.26094887084236046,1,15,11.083192266831524
73.64764499357831,8.980866591198522,9.783116049538652,-2.3949389201046665,8,4,11.756968089780027
56.15284123029813,9.754410854160234,3.625942760845403,0.49396298200944655,7,1,11.347702364485977
61.754408196977735,8.84587970464093,3.730432344240895,2.0011346253264675,3,7,11.775656718987095
61.17165351176237,9.988157926866815,14.239752146503598,1.5578774452418034,1,13,10.628959756281166
59.099820979059245,9.865676687134059,3.1775453580715354,-0.8358264770808806,3,5,12.147351177695466
67.51329162565526,9.921889378397161,6.693302436063147,0.09772372567131404,6,12,10.360055645425277
62.596307705482936,9.8984686040827,10.019808051660005,-1.2004689291789377,4,1,11.064863435434086
41.4029444133285,11.93296749339048,10.548468352417748,0.7901420036236267,6,6,10.208221450215836
71.46204162904871,11.837404850397569,4.440987150599243,-1.410957586149904,6,14,10.801127447236878
70.53367454367637,10.153023622353384,12.493907053340068,0.2431569899453067,2,8,11.665506900335945
66.19861089895531,9.04003386164785,6.232223443531527,-0.5258385080349149,4,13,11.323710599213836
51.988893073387416,10.943896855070186,8.191964319317691,0.26493088550162297,5,2,10.033446578121216
57.97160388904011,12.524030358035406,11.155062603696441,-1.165579594390427,7,1,9.798187191119606
48.9831431697055,9.95098953684149,3.237557665115897,-0.8654263608816544,0,3,11.986077000168692
79.95447547481477,10.468082270688207,3.4153340166892723,1.2239606547640405,3,13,12.56363859015667
62.574498930542475,10.09553844066101,13.975001714037585,1.309631114394101,3,15,9.598371769890111
57.139152286639515,10.272054639403802,14.414345587285439,-1.1031415261856188,0,14,11.212926303589885
57.9956719726804,9.257053952746807,3.0131487998200415,1.4598090230941323,4,15,10.71876488081911
55.71198420646881,11.861244304222389,14.883747599134486,-0.3169642124336407,5,4,10.573700247789795
63.22612216109928,12.391352262724398,2.179854111252342,-0.2543762180635828,2,13,9.41784848512453
67.39638824848689,11.01200326688803,4.343030855806206,-1.1442078765659873,4,15,9.198406278624132
48.14943222063599,9.587644687430615,10.479966253367781,0.09944212527748729,0,1,11.746971530253045
60.29188095725267,12.671083377442844,7.061431697812545,0.4896571882380883,8,15,11.588615315249598
51.29859740186478,8.70866012900305,13.961536431904626,-1.2330435475740098,3,14,10.064441775355194
60.90362569169976,10.87311647839801,13.846355577539134,1.4624384345937567,6,8,9.951846733665205
57.31826140733391,9.405006864656153,6.579717621772579,0.7162982093700831,8,1,12.996209017143748
65.23544200041408,10.435569424793451,7.029968206775749,-1.088087722859561,4,4,10.933807707854477
71.48736882102872,10.406042812203758,5.899630768142925,0.7949012078670799,1,0,9.393883145201071
64.87575651100447,8.412046135542132,10.212494286472015,0.39404927745548923,4,10,10.841536074308058
58.228797741957834,9.652143838946522,12.106309423026246,-0.5627410874880134,4,13,9.924527824615046
55.185113634987395,10.850792116090233,6.049947571518702,0.6445170066574101,2,1,12.76687936944887
68.05120954546102,11.554155688660643,7.403140685576117,1.198380054903799,7,2,10.359312460122071
69.49322602985956,9.285133614210103,12.498889988836861,0.2747343304334828,6,8,10.557386801538351
63.672206166281924,9.56326589581625,2.862176888735407,-1.2203809117966848,7,8,11.181836054749809
67.94619945348859,12.243910771997587,9.594587391050869,0.45023979699429373,7,0,9.848704621350961
59.17613610819131,10.619203549406814,2.713474368773472,-1.6793730650130618,5,0,10.420102571817361
55.608792846828905,11.778188113815549,10.83270519060344,0.4804045931152537,0,2,10.822661988368589
47.340462823670784,10.96390153396907,8.967888646200535,-0.9629913826216836,6,7,11.666825537813622
75.18339492213906,10.262631917129934,2.7718548727635,-0.5965783915551114,1,13,12.19372578071071
68.84958124617603,9.498400427807937,10.564475969893646,0.29851460738549745,2,5,10.860202246021423
60.37362978769343,8.827042710415128,6.853393391800863,0.673210217206656,1,9,9.597298391706381
65.91488812364315,8.624242137749164,6.576871589646727,1.0874869023128004,5,1,11.556836343404957
56.847716421630786,9.820000556230884,8.395933499762458,-0.10539289492893672,3,11,11.40027459315389
61.911790258404295,10.633671472607752,7.7681066608949125,-0.5093695790363845,5,3,10.18836981676923
69.01035219739441,12.614399345773183,11.46280884041529,-0.3075682790402273,7,13,14.647118377865425
74.62098907504695,10.310614401054266,7.423363700114596,0.014667203001066827,8,10,10.176458551505178
54.89452402748189,8.014198124133612,12.99147736546555,-0.9958598550913069,5,14,10.534459101718118
58.98182951757096,10.245910169547166,14.37695092680423,-1.449011224794399,4,9,10.69603850512196
53.577696434082796,8.907609882129382,7.590795716741816,-0.31159792518502655,2,13,11.955367767452811
61.183179334363196,12.045388256931664,9.787371590300154,3.135059393906799,6,8,10.469843529877336
61.63566095569905,8.001560113405839,10.744001665418738,-1.9796166203601637,7,9,10.454641997079978
70.67753261812187,10.187508026819943,5.072725506843333,-2.1423096550510294,3,3,9.944742757057913
70.04864362363672,12.644163646310043,13.931490590345224,0.7157062487190262,3,14,10.873434444855084
53.20222566075961,9.235925159508884,9.907876817893875,-1.3717834183439372,6,6,11.356677964114809
62.38396450208836,10.661031912686344,11.542470697080452,1.1028901644153108,2,12,10.622328224979181
66.49506654916544,12.096380997230895,11.080807291404158,-0.19885591617518986,0,13,11.967675757184551
49.27739639329877,11.153894013612462,4.409184417489401,0.7606956552869484,5,12,11.561903296085951
45.77368379708149,10.073619589874653,7.5402864224001585,2.023074678247134,3,10,11.56997048090276
64.02350451863195,8.826400637514775,8.81534936238226,-0.2665663344576841,8,9,12.121736795113952
63.53320873473872,9.608584996330023,13.654439627488324,-1.6880765345385953,6,9,10.962720698633403
49.23611831659939,8.802793864674982,5.049591340621196,-0.3598016763928129,8,10,11.83241910160853
63.435069461104064,8.762084392192268,14.718698237261071,2.103008200807263,7,6,10.366708385539075
52.93881941536555,9.880178439402343,6.3113506223440705,0.4628222083890072,0,11,12.20385900523997
51.03815575010351,9.170853555675826,10.479819224061245,0.04683967765209626,5,11,10.204854136421742
60.156314416529526,12.269521615158919,2.291038199795664,-1.1858139289667955,3,14,10.246276810104549
61.22389020505652,11.204759451958672,9.646789688073902,-0.13972916693474038,8,4,10.752749429374743
56.353355617678204,11.81805778731082,12.43222144117706,-1.1799614968292724,8,14,9.634667213785947
70.73305437259256,11.945480165188474,14.084258245377407,-0.38243828212000414,1,3,11.188856790442236
50.53460714539355,12.582955316896495,3.9127533338821117,0.36394405715176514,2,4,11.56601346900125
48.35487118259158,12.06299449799551,3.5914220521151843,-0.6470586299414204,4,14,10.631104213558457
58.902846397380756,10.404478991751418,4.9760355513960075,-1.0467574267887063,0,13,9.713113122969467
53.14966215554531,10.996256777874587,6.904211127128666,-0.08197944995657092,0,15,10.972433970125856
66.403428509857,12.777986415510583,10.651590495233036,-0.45971578467030244,7,5,10.430487655704127
72.76381069653416,8.10183715597979,14.180656965602804,-0.7134242772782756,4,4,11.606856420219284
58.615266053516066,11.271322903536102,14.313427012050738,-0.594573292560593,7,14,11.366033504320823
74.25010712929387,9.608945841506506,8.593646343130258,0.4843077044191695,8,4,10.004110060943692
53.756314765878265,8.077111622997457,7.022447130691197,-0.7567557418430738,8,12,11.314757589584445
67.25441014759487,11.581459967646136,3.4228218991880963,-0.8111456019565838,4,13,11.568228968646286
59.071248131878974,11.736000523384401,9.759011836302365,-0.5288807353442447,2,3,10.594228567433884
81.59469317648134,10.135740832847155,7.218323619642245,-0.7512648818513152,1,2,11.311302303237403
73.58964474676961,10.380614412476378,2.800230847940899,0.15322783211296948,3,0,11.93453017012885
57.65864463758774,10.744636145881907,2.8624233872192906,0.14546438423605054,7,3,10.774486434767033
70.56929759203388,8.254610810558646,2.5028130150929897,0.3125782999210015,7,11,10.08698795695137
74.67912582491432,9.46125605646707,13.06434891261222,-0.5311879153989237,7,2,11.503915368150754
42.451365014168715,8.63270191281691,6.967247107114218,-0.0166525076464606,2,12,12.585221339433195
69.5617119510018,11.215066594460763,12.069914209813028,-0.17366119980331798,0,11,11.746459949895254
42.46521477676443,11.305723871125085,9.708879038733668,1.6684523279686712,0,12,10.4576150678534
78.31122572400535,8.377595314781605,6.103914579293645,-1.5228522890886154,8,15,12.339626393042996
59.77690377044488,12.863861417130282,13.157379125706854,-0.1656261992460298,7,9,10.87400053903736
74.90882918288095,9.792826639784366,11.652735331251293,0.5234259844158616,8,15,10.293982821325498
43.978789251240826,8.578087234930575,10.272628696393427,-0.102063646272949,0,6,11.099804570933927
55.78525098459371,12.860295262901783,13.780391149294775,1.7342728735191377,4,9,10.054599132853168
50.70939197456197,9.564134383356667,3.0111972701101104,0.6232011617089441,1,4,9.848758474692012
47.992347103868255,12.362592372221071,10.278493142637995,-1.932143637981042,8,10,11.073282499361499
67.16528871046673,12.584475178970091,8.562772745887354,-2.0757385510453963,0,15,12.324328882760721
67.58052812095698,11.388660898846545,14.039201860812934,1.0317519894241243,6,11,11.436964534690844
70.04923763779149,11.243518133970442,3.9638134280607416,-0.41498848250821063,2,3,10.635767201984553
77.778556634209,9.978182934184252,14.332526815205995,-1.3933124811747755,8,13,11.38824135334766
48.85977580676548,11.312853447680695,7.549539651312983,-1.248387571797998,5,8,12.574938065072818
54.16811606588094,12.958832952024917,2.5249107139714635,-0.7618520726318365,0,10,10.254998140108988
67.37712272770129,10.78738370859193,7.648944476745809,-1.592243431367023,2,15,10.468538975053656
63.97985048850702,9.113580999866347,6.07149746766335,1.7930779142877287,0,4,12.60074775056678
52.72117559668922,11.633995392168243,7.838828922874438,-1.2492121623288073,4,3,10.304609733946716
62.59326096405917,12.555565099052323,2.035105606002493,-0.8530672123260336,1,14,10.298508623261103
64.65283569340485,12.033128209642936,11.93004235569588,-0.8590427244879918,5,9,10.937245085592796
70.6869639283706,9.749417607106698,8.098005380726011,0.23230715056306275,3,15,9.57159783701931
49.03714390009609,11.816650480404006,2.690278904993665,0.8508367517119372,1,4,10.374873465560897
50.811984824206725,11.416653076104769,2.407347863375385,-1.076609023669861,5,10,10.531843385120931
60.18760200737099,12.261345209880387,5.4234409672356145,-1.713559541357841,0,9,10.637135695071086
64.82363408170414,8.523367491310779,8.043361940717123,-1.662940215859682,5,2,11.598779314807782
75.18787527182413,9.40278343915386,6.337338129538998,0.2949358487116785,8,10,10.56412834608541
74.71966937493791,10.356065385100703,11.04878258726797,-0.21799784261972402,0,1,10.851977040043515
72.70883298157713,11.719676868787893,2.2855822494402545,-0.6410291487073397,3,14,10.609672617544325
74.59760187482277,9.176809951315175,10.134973128499594,-2.7933122760417555,6,2,12.309817006703305
46.30811629580118,10.171441531337987,8.300367734213538,1.2312234105693165,8,15,10.18813697648395
46.88189070524197,10.610721616188,9.04124446698754,0.3110332439096703,7,14,10.403221351482282
71.534675371486,10.815392315826003,6.16199327357892,0.7764934831986079,7,0,9.750269110410615
76.66245256752966,10.117728802489157,14.798124507477493,0.3374315944776537,1,3,10.86846060023711
70.72115386451556,11.308074368016216,11.32695920197532,0.037255846165029236,8,10,11.17093055464487
57.10087973932882,9.998903581809373,9.09044647274234,0.2787366288415047,4,9,12.380892462577092
70.99989520256577,10.089322920368726,2.308040968136795,0.541435600687705,6,4,11.101348787507552
57.96366312556042,12.108075797739664,2.1472563905496846,0.3311744558021486,2,8,9.597788189740527
46.302209778487615,9.90835606485255,12.34482712605537,0.1903740645439336,7,7,10.578621292220161
74.84043682071322,12.122282497973044,13.47524743276603,3.601635926300132,7,9,10.665390047758887
53.698872327176,10.27035137453947,4.159166899444894,-0.5508413828298055,3,1,9.099777626161636
50.8493874862589,11.110882667413232,3.392903875738373,1.0929719222558014,7,2,11.259230012346816
81.17822053968963,9.72319344725315,10.78638635578762,1.632718139939246,2,13,12.072297471866976
56.52368161926347,8.750870553443137,7.113945501966124,2.3558710940477074,5,0,10.476718650895615
58.17321449815726,10.862680853822178,7.139518476330636,0.31950804960553175,1,0,12.032862219976014
47.92002850474233,8.60776528425363,6.8297844676596595,-0.4452232974053008,5,9,10.383475553968786
75.67983570374736,10.72531418798103,13.260696076611897,0.5603671469028986,7,9,11.50198796937126
64.55807023522446,12.697777154886369,13.79450746826329,-2.680322020021767,8,6,10.470357645366756
65.95527557882153,12.464937041203136,9.50763922021649,-0.45808525912521775,5,6,12.099085442572822
80.2414485009101,10.813391269328873,7.727135393253892,-0.6934742235575303,3,0,11.45254759072519
66.5391088121531,9.55249298091558,11.816459094733393,-1.118921747616289,3,15,13.538233485692837
67.77588501490672,9.556744595704387,10.301011010156936,-0.35421420247765034,8,4,10.814410677337369
47.90314869792901,11.520307244108736,6.144182585677678,-1.0673310088283443,1,10,10.7595754355393
76.5935666558942,12.04429852734836,3.881336109439048,-0.8750344423857468,6,10,10.450398748577093
69.72462258761138,8.177852545307738,8.23554439301792,2.1757851914691244,5,9,10.259112680334965
49.186341083092216,11.557463777490838,12.234768536062692,-0.29652305853818084,2,12,11.459030453332723
52.80565765951374,11.843845930768104,4.675264199962942,1.037594310741767,0,2,10.330901101075353
73.41746766281452,8.594038116820212,10.757364261668327,-0.08532897988325693,2,13,11.314825023876605
51.67949873326985,8.95363847627645,13.74028434519454,-0.9040960504882268,7,0,10.9384982722443
54.464995490102936,8.475342287500148,13.271977963988773,-1.3340758503079688,8,14,10.814440626097566
59.64501374372202,9.839844561924371,5.517552379246038,-0.1482869388908373,7,2,10.672562096376128
80.4676753620407,12.739369516337257,5.422861108945753,0.026143820272178025,5,10,12.335175456410662
55.33702581356556,8.582666231612446,8.85784109565419,-1.3605337913475763,4,0,11.527998970734297
77.04976955619173,8.310361538853835,10.825834989717734,-0.22346167096287373,4,13,10.723481635277144
56.7949354404166,8.160389949041214,3.6166183774192224,1.9151963771565637,3,15,12.153152150108097
50.501651684814696,11.384021338089738,14.473287759550246,-0.7056224830111655,4,15,10.053666603066354
51.20514088176421,10.021488896723628,12.078101502722465,1.0916529573146383,0,6,10.300092969543995
60.04302647019304,10.123511008990121,10.410646103286247,-0.2241901304376935,7,9,10.856780417519843
52.38684909633063,11.598221271528242,3.221342285005871,1.8188355311294646,2,4,11.912054519883874
64.08279249076556,10.582117255165496,12.978509172266552,0.44303023563666005,6,15,11.33479948387723
63.96199440073232,8.299760636040961,7.381869812338954,-1.2385307054728505,0,4,10.212633860141501
66.66325431896723,12.863654049876928,13.789171087313228,0.6378422438627938,0,15,8.366096285108135
70.97597536604641,11.564763595732268,10.779945885615296,1.6661270423101415,8,2,9.752097660414934
49.85785448749039,12.141342272654267,5.364081188071335,0.4938016491771708,4,7,9.133395981851882
67.173620506785,10.896714613450317,2.782592884439212,0.4199263656798832,7,4,12.111135456472638
47.22750986123451,10.473143836715241,8.19377837456732,1.0120089853897487,2,2,11.332846487175582
58.14251908632068,10.147217617636349,3.605074328121279,0.07886504379394914,2,9,11.899584130340225
70.03419541717686,9.987421759862357,8.551206515180512,0.6102102687793216,3,14,10.807851160239169
63.32043601862888,8.386046875246914,11.244258302422537,-0.23376330367643453,4,5,10.381234050670601
66.58011261734937,10.471663223991806,13.116362473980946,-1.0648420344050011,6,15,11.712058442740796
48.56057176115579,10.291166258819848,3.037033456796359,1.2753901501951477,3,7,10.753880168550719
59.40066087037055,10.27777585980313,6.394889511302933,-0.7118730102567962,1,5,10.899644085374089
67.57192802585817,9.84812271398999,8.495455418968131,0.7980358137101178,7,7,10.682266115076485
49.49366903144659,8.774964355520423,6.565674753823959,-1.608744756486436,5,5,10.799445786003064
52.381473049810516,10.750953723061382,5.299629451124167,-0.05452167483743631,1,0,12.51197901063547
44.48388760575255,11.357420180962453,10.54438400528826,0.28165231262502155,8,12,10.155086733149004
60.6046427099609,8.432282033445764,4.136959473412024,-1.439839139604226,8,13,10.613452519444401
51.31395678632783,8.52107591516233,7.00935302106681,-0.554753982008076,5,4,11.77647642755858
76.25117177395444,8.740410024895185,7.27726783611117,0.2886960601225386,8,3,11.153092671742629
68.15352793326072,12.674669558831011,13.763876166493446,0.006216104041562879,6,10,9.32891285873023
57.23103368081101,10.656951112174097,13.72760547355951,-1.251359999671094,0,13,10.24575052614133
52.98474804026142,9.386872964290669,14.899078765522546,-0.4113938919077496,6,5,12.249632982146755
55.591910982952705,8.13502166886321,7.34959033094499,0.8866173134927766,6,10,10.900754980871582
40.792523459245736,9.942499928734586,10.005879721649066,0.9559873678246131,4,8,12.200615619482951
58.15240596969895,12.968070699146566,13.398057413749443,-0.627426127547703,5,11,12.18907165393233
79.6561402286847,10.56515094059339,11.26256680007609,-1.7608016419206882,2,2,12.388120865806405
72.3368113298341,10.076896607952882,9.182863953900434,-0.02590319871924178,3,14,10.031586164947354
43.30963172027298,11.064580315364895,11.691183710728401,0.32833814051048904,3,7,10.994880228878325
71.68934314481982,9.927052122270887,3.217175538999685,-0.9987744859501584,7,0,10.98418610611478
68.65152078828653,12.52948623273306,5.2299496938786545,0.20807363369983709,2,3,11.241542694022245
75.32881537313305,9.021694516476916,6.494170161326789,-1.298588161654723,5,10,8.897471106864597
81.36580489169087,10.619418232171313,8.04670909141981,-1.3634972617535657,4,7,11.345247133774294
73.41902785486812,9.359131745871046,7.215958063848943,-0.24170404814114452,6,11,10.023288998233728
71.90496278921181,9.025532570300307,12.094144358678085,-0.1569127398412364,5,12,12.316546288438406
75.24200592712742,9.118831908871815,7.941027907417706,0.0013215309049675846,1,3,11.28320218575373
68.07998037926347,12.515490277786661,13.71810199675883,-0.1866090952637051,7,4,11.128592527931486
49.79177242027177,8.972051186197476,5.93389268894705,0.2243610257335724,8,14,12.061798341287462
62.636409624573744,12.520677976327411,14.487247505329035,0.48321487174463773,8,15,10.187982707606047
60.02680382093844,11.676749852997716,2.624435560736646,-0.4541936584040838,2,14,11.030579504126932
66.38370415299923,12.466294102449448,11.870908047984049,0.0721483558145176,0,12,12.374288019589772
46.04464801416216,9.353017528401269,4.914024311690982,-0.5733015085159344,1,6,9.699075646571801
47.37854668418514,12.875367498793189,10.6625162570317,0.5381871438485628,6,3,9.978996568018793
49.646432093029325,12.372392096407477,4.476486281187401,-0.23271024465225063,0,8,13.24728628034203
53.28179712529982,11.88862900678635,6.2137399514001235,-0.8377959262954358,2,15,10.162655560930505
70.41960317881389,12.488589432861996,10.431544697123229,-0.489126990254118,3,0,12.20446107097237
65.45779514711388,8.413350156547692,3.344970847480165,0.587515736302029,8,8,12.627421359539461
59.252038112138585,10.753344153862042,9.572539439080895,0.07225686858844058,2,9,11.250016231331035
77.64080167360919,11.362761266562305,12.245945936953024,-0.07488243965053121,7,12,10.181545881152507
68.13001025168634,10.416021202498026,6.94487391168181,-1.0549402788352273,4,0,13.046245944213824
61.84746850220047,10.784711693647694,8.52880609389791,0.9103237662798297,3,3,10.819880881642222
40.45222955043658,11.6192881189708,3.4045140975333843,-0.20765316621178367,4,6,12.05133583198342
60.16007244088533,11.375257760518782,12.880321134560495,0.6210077684152483,7,2,13.061346512537142
72.48688039118616,12.980704002427387,4.448657404908453,-0.4572995522953819,7,6,10.94301356000447
76.624087582762,9.297638750290949,2.24833312142945,1.7556739932715895,2,0,10.108506341913486
80.29598022034992,9.039771863396028,9.406538696171747,0.3115945346263189,0,15,10.614640347703999
62.74715863413758,8.771629882229412,2.30308996678774,-1.3292240401933149,1,9,12.006618683353192
49.816879791552026,9.557181565081713,5.7120883694513305,-0.7328561635370694,2,13,9.091652277046913
68.17574735134671,11.002187609382066,13.78986225005243,-1.059265284096406,5,9,10.367740576736727
64.60831089221702,9.83304915277942,14.123245945046142,1.4281229649631852,0,12,13.36845831110302
71.65265936844466,12.38584599464318,4.304745040276487,-2.187544830482731,0,8,12.271677333413002
52.66527986073809,9.21376362130652,7.588700092406716,-0.7160226085937765,3,11,10.616860506807088
55.53190458695439,11.748531086066347,3.7752416294665707,1.5157843805895468,1,13,10.582596476294528
48.04813960449964,12.747793055788517,8.279996055413761,1.0482832800185937,8,11,12.53267143767432
58.203554297636636,12.601972618019666,13.259299146580691,0.08935516939751385,1,3,12.388669987019442
71.68592949757449,8.76266136531997,12.624507211919402,0.28231722965104333,6,12,10.89829038143143
48.96346310682221,11.729205889153688,9.738162678719132,-0.35538309526285444,7,4,10.72389586795925
63.927751845829114,12.197567874555627,10.949597935251768,0.3066148442416619,4,8,11.956256593604197
61.66562046311279,12.596154085052056,6.635800975814628,-0.7194058195856508,4,6,9.802010116720341
58.029932746218996,9.105400379677965,9.587195559005867,1.3244798222082346,1,0,10.738498585455192
73.51916391658449,12.060346246239876,10.874467521067725,0.5181309040511115,7,10,12.952089269500243
57.77378629615379,8.955206517153245,11.050985090982865,0.18037226100134734,5,14,11.143692704135221
48.30917728699263,9.157466639451036,7.33495506338599,1.3247064862862903,1,15,11.897630988836095
61.13557981713126,8.657927688930744,8.608255056677987,-0.8039129060098081,8,13,9.740269402044358
43.247102752582485,8.952828021690769,12.400435482686415,0.22754133702145274,7,2,9.460008913118054
45.28634793687733,12.444422291551748,10.485963493878923,-0.4107906628567623,3,10,11.076652847757167
56.73626819522835,9.19692945808471,10.32402307361733,1.396923572462631,1,1,12.59920997003869
48.284159101100116,9.691149758265531,7.476018667381455,1.4649770765157792,5,7,10.003352279238092
45.896804151004204,9.323235622214717,6.917670518986172,0.2752828614791873,7,6,11.526564277022526
64.78363448454333,8.650426454640881,5.922186948776764,0.1726611609764863,4,5,11.545139621471346
67.0242080431833,9.183409803453639,12.55692854890827,0.12013322021245651,3,7,10.129610232195517
41.251597982056666,8.561097211355083,10.30570813128053,0.9559524922679972,0,15,10.733765170160181
52.2613327500779,8.726894943302995,12.956413515421527,-1.2989927845110207,1,9,10.917663116099911
55.67931026614191,9.929285881676513,7.968839729954526,1.638594123236299,4,4,12.28936300690808
47.65027850435266,9.526342931134984,13.033065322851726,0.9202279422245984,4,11,11.960757497185208
69.6699655165429,12.207639149429115,11.422718741682944,-0.5337384919891889,4,14,10.659837857937838
68.68964215836513,8.867604563637334,5.297247744603634,0.4001963824560335,6,0,10.879155105735279
57.89306599857153,9.236595241612402,7.831218600647722,-1.1478375466152135,7,14,10.427046136096454
45.96195479110942,10.305934951214322,7.215316182170772,0.061670266412119264,3,11,12.337915538330142
74.29222913417986,9.089092806137067,13.854649984612134,-0.760643137214244,6,5,11.89922182562585
84.72882378841207,11.807312787449538,12.907555679054651,1.1570292695772602,2,3,9.394784420588989
60.990565361324734,9.452529815715526,2.6941532672839483,0.03889271676917866,3,1,12.206438180778052
57.1403586068142,10.037487219304195,13.282509073544801,1.9177982961436693,7,7,11.110299951148157
67.40839471571684,11.402034247981046,13.359113378025418,-0.7095833363039894,4,10,9.48799532359909
64.43657053171906,11.558641164593315,2.2186565764902624,1.8485563852100237,0,3,9.76216689670229
58.1570153672796,10.263112511865122,3.061348562445026,0.2952605903590055,0,3,10.514412915537811
56.4945838060354,10.172247663487122,9.254802143873025,-0.3539579942883815,6,2,11.27638355403545
50.17946740407534,8.219369362844636,8.341571092823472,0.6761917275536297,7,0,10.954799478885114
66.45516758589476,10.318992543671952,10.857177519545385,0.16004733887059364,4,14,8.988698776742956
60.408719453217856,10.067786507478548,3.4180626745356255,-0.1391652364084337,6,6,8.923971254974635
51.98521297939419,9.057869036474331,5.122398773109017,0.014243828266232154,1,4,11.689386132104486
54.099831948098455,8.837463720234714,5.1476705838879075,-1.097502701775322,6,4,11.144714364746502
76.51949330948193,12.279765106470329,11.441419841980117,0.5232206659124155,0,5,12.26058898219522
62.121740237909705,10.633858858617778,7.9857869873316725,0.70677742854917,4,11,11.784222747625122
61.83367876524671,9.844170907063287,10.685388067095563,-1.3546086521816612,7,9,10.350098735527714
55.260412073868395,10.852158300462598,7.621189045148473,-1.3668054558642762,1,15,12.351327103444474
58.98640828538841,10.828579947621073,13.388170684362494,0.43641833228422744,7,15,10.404245918469092
78.93810313843245,10.314127150919852,9.061896932971646,0.7921398774511039,1,0,10.522872442484388
74.51958677874941,12.565533133203159,8.29068469100368,1.5130374111023428,8,10,11.524596706376725
64.57892878489324,8.143579006450857,2.0201323588343985,-2.06392166190803,2,15,10.389007581326691
71.40227930338129,11.430180145962836,12.82321659562743,-1.9793437482066927,7,7,10.369032725963322
68.75560851243732,8.167984766298144,8.68173540066087,0.8327178424946626,7,14,12.179283151528615
62.917981715148414,11.845364263769728,7.921966054410805,-0.2722749809687511,3,5,10.266573417665109
50.081387740328594,9.997371406266776,9.296133525951257,-0.815969484157368,7,11,11.861317160631978
61.91059117556692,12.821555899259671,9.025076074658873,0.24311656264999273,2,1,12.312680748066393
49.273472970190284,8.672246470847897,2.466079474995387,1.707215211026858,3,13,10.257751625361912
55.159191971437025,9.273658502190672,12.191278436512881,1.495975228400347,8,10,11.214975466769538
50.422056429408826,11.93088331982197,3.4943277533686117,0.9930271435217158,1,1,10.890222950173264
52.853804674614764,8.019153911596321,9.715201915081385,-0.49033887147796384,3,11,11.188639405317495
65.81230253566648,11.67684530515434,13.800980122024015,-1.672357051356931,6,10,10.404412659724573
69.65866522605543,10.529253360024368,7.929389396123254,0.5390629958777949,6,13,10.062002374907822
63.91150191561373,11.548833047577016,14.706864712744423,-0.09514895906971912,1,15,10.92825588022765
68.70320533063368,12.368782586549656,10.79708031982021,-0.4206701689536617,6,9,7.852333439092476
57.4628089983757,9.943687630748398,13.187886622358185,-1.5949472008502774,2,15,9.919621979936135
54.61356547611653,12.269148266166134,7.347781189278783,1.2804697359580979,7,1,10.467975075007107
61.62729907408759,11.26454468303362,6.228743571229129,0.10315020875824409,7,2,12.597890835932764
61.7570864797197,9.417168805201333,4.98677758787933,-1.3463606322659103,1,5,10.907750396350316
75.64231691892037,11.753838981317434,3.2258816401706922,1.0883155132865456,0,13,10.020700333226918
78.22089303623751,10.454236944480847,14.899634524854742,-2.3617563941292343,6,4,9.166490487422
66.03526959863149,10.514867855241784,6.462164607355675,0.426583751638293,3,3,8.865165028331845
65.09540762176182,9.002074362175398,14.24770163974749,0.6232320133911097,7,13,11.086180755253263
62.918261985138045,11.735654157132668,11.951768638626122,-1.4298861652440467,7,0,10.652607826510142
73.83705212845673,12.686468842127837,4.983999296085258,-0.6426495956171959,2,5,10.176568885485878
60.572551739456536,8.509047228557314,7.541238721686048,0.1306654635284296,3,11,8.917904868166099
70.26205108083049,11.297839164023047,14.333380990976405,1.065686668816623,3,12,10.14848735325171
49.70026902670388,10.165112003252998,10.906879294077958,-1.8302639370210438,2,3,11.521568381688596
69.95601613597397,10.891609524077428,8.02364059567998,-1.3683597620111694,6,10,10.836061646069954
72.41924171626694,9.170130162466581,4.360657495439705,0.33788182349436324,5,13,11.449040182287925
67.42402763893257,11.449398818530916,11.9548266862279,-0.031030384977690683,3,12,10.173229489212375
67.0402281579154,12.055739102074856,14.910351193223534,-0.6086299003664749,6,12,11.514496147103015
63.67483138410447,11.576356065591686,12.600710664068087,0.24873000851098567,1,2,10.768922240660991
72.76200141531675,9.824170424934493,8.17002602144102,-1.636310287191626,8,10,12.044983149648816
44.38465724191381,11.382360662212735,9.333214687245855,0.18829763149404669,0,7,11.287943788843254
62.28749379008161,10.076186783028254,12.056812114365886,0.5084246711058019,3,0,11.515274346691806
56.40411441069848,11.217691188970406,11.036933171027398,0.4348725536987298,5,6,12.55818552160574
55.14313777597034,11.629503815271637,8.771326150924772,0.8681335473805748,3,6,10.763958318346532
71.10606986737022,9.294932145697544,4.081985000278215,-0.17319833143360527,1,11,10.63457891771296
54.670659904399415,9.385141795387813,13.491074744088765,-0.08030465829369392,2,14,10.311210206689562
72.61944814213933,12.222411551156675,3.0285913874231745,-0.6039421255677233,6,8,9.195653003470245
53.4819544211988,11.939942059132738,12.87495642063389,-0.9059374252544135,7,9,11.928717589548716
56.33165620409304,12.7784895515145,2.0524496067565585,-0.7907318463453478,2,8,10.471138297269562
78.1493492090752,8.386745643592695,5.4353136161233015,-0.7520344541455709,8,6,12.419806043081927
73.12663650556183,9.201282182835266,13.232528995261644,0.43334451135645546,2,2,11.697483607347415
63.73780207709173,8.13173756121592,9.067087769045997,-0.8141142123298998,6,8,11.097270194112488
79.0371176486226,12.426187637405565,8.480578559828025,0.49272102621898267,6,9,12.277357735383006
65.00266259214163,9.911509068595434,5.955666697743451,-1.5237654676906045,0,7,9.608036874067313
53.396619545481684,12.703505089492477,4.196777615566402,-0.4483832013049671,5,2,11.829990261418251
76.02488450139533,12.097924161053566,13.999938449051312,0.6510613957728376,7,9,10.070167005317607
50.50682682344205,12.77574414736982,11.466218558419914,0.10776234764024714,4,15,10.254434066748113
80.32576851234899,8.456734216454079,5.640297072955198,0.26790804089631903,5,7,11.636147095835216
67.06521417501264,11.920989222991466,9.330174887107974,0.4963061707851439,1,1,9.586194426342947
82.10591224373499,10.371098875693995,8.07779997010619,-0.26153128113893337,2,12,12.736015549014404
55.34327940724325,12.082763035767087,5.559926539722998,-1.8437323104687369,5,9,9.933078218446663
57.47248390936675,9.555132700856056,6.854704272687286,0.8734187296251837,3,9,11.49799869096874
46.73423701433639,11.86737780413972,7.078127680147609,0.7632187758911103,3,7,11.676511084008672
61.461483226814906,8.516420973571195,8.650470031955447,0.9433852328315016,7,0,11.047389007663226
79.50695061849795,10.653750094361655,3.751264308095223,-1.6488946237857585,6,13,11.079518558441743
66.17364584478736,12.073887354248832,4.269527746031734,-0.8427468142242872,1,7,10.599042912999277
69.86206317807117,11.91331435995439,8.068366022306485,-0.5374865102006672,0,10,11.691833625811734
72.7705941395079,9.358111098745919,13.821621074631535,1.6800958549097824,8,2,8.296504452107234
75.6997451310024,9.406880682039544,13.144286006046634,-2.1559758333992938,8,3,11.476205316587748
77.47791435130073,10.646677659512543,7.0961047453448085,0.8524106946391754,0,12,11.400243652371019
58.83589236816735,12.19812898312798,12.273137836679846,-1.188955885809599,4,11,11.464030831298393
80.01168970002897,12.808767393972406,9.491314847080982,-0.8030486305420903,7,6,11.415786814927072
69.45036392043903,12.33720167410926,10.924198918160402,-0.5344082107561494,3,6,11.986550765777142
65.09651114481181,8.868140404530275,7.0776162004406835,1.2951684230470246,4,15,9.150141249432366
57.45557574302468,8.37138087485553,2.8463136694884796,-0.3927985014937212,4,1,11.235465958278146
58.40403957326829,8.956687407256306,8.244858091738749,-0.6760919831623379,7,12,10.904591320723933
76.45505464091092,9.008292508376211,12.698819862193279,0.2539552844646399,4,8,11.010235100858713
72.83747218044371,9.979029913649567,3.039124026243368,-0.6440376803906576,4,11,11.080558971316545
79.85616928553017,9.141114183565913,14.532176177824855,0.022857307998671045,4,6,9.447548346788368
63.990184968366485,10.487307634827097,7.316667037585081,0.8917640352501073,7,3,10.171151607241912
54.99515921633214,9.258594439908796,7.975560371334895,0.3608730248316199,8,14,10.61078077942187
66.69931140177559,8.591043034137074,7.093513174639611,-0.651107678222664,7,14,12.203571539232392
61.31962816735721,8.959505398394532,12.79516430469445,-0.8624350441778871,4,15,11.76865493439889
68.25400542427997,11.610526313354102,13.655544384421143,1.7809489465885395,4,15,11.699111225698015
54.55083244634209,8.362698649600395,7.009379985980008,0.010081927083413895,1,3,9.68821761485965
47.03859783164133,9.035376125699871,8.587344519910426,1.3727236241254934,2,13,9.651166098296228
65.2465418821021,8.513399280624927,3.3468960137389745,0.6412859424248294,4,14,10.582020617534932
64.7219721740049,12.194261930369404,2.808012672417142,0.16114846681608583,4,2,10.269593492332755
50.060799699228276,12.027678927289706,6.029946019040432,-0.09728616972457878,2,13,10.591940744373096
73.24990160213348,10.024169650576713,8.598772519790852,-1.519862530581066,4,14,9.88924621852956
50.84563543179159,8.850887837693216,12.898826215266967,1.9290666432488612,4,11,11.825837659163176
70.53804516805872,8.17942075735698,9.844884299436858,0.8441571057936984,3,11,10.17787967381842
77.9851698970977,12.094861010589543,7.643352122761003,0.9809241759372856,8,12,12.23447367909191
73.15078796333702,12.625248264923522,9.484743943567594,-0.42369496795337264,4,0,11.141323542152659
68.34487696354714,12.725016042699426,13.715768348610329,0.22232793002658724,8,13,9.911123998178539
62.7361355869386,9.473841363061958,8.296074166804788,-1.164670196929271,1,11,10.426458311771366
60.10449563162227,10.820606253699367,9.734131778291063,1.2740996204824995,0,2,11.15102717246224
50.10240751454586,11.94949290630669,4.965423337494755,0.25432089453099127,6,12,9.937017282592745
66.72867412674917,8.243526546558753,5.65618443735643,1.2331539673520169,4,14,12.27647632498654
50.586253629842844,10.476534387620642,9.954302478093975,1.4582666611182549,4,14,9.90485582286576
74.8505027620547,12.215692125202231,12.764260684102132,-0.5682267963324805,6,6,10.387930208031857
55.938135744180826,8.457792393690882,10.47899936695268,-0.1816710167148964,5,14,10.851796419823593
73.13953796818929,8.672123475450395,5.621556145684716,-0.5270418177867063,2,14,10.352785524623425
56.69022937376906,9.863948196802237,11.85209389149153,0.5214931804475428,5,15,13.157782908925132
71.55532131525703,10.210567956705063,13.245822808698009,1.553110272769322,4,13,11.618642778393912
45.88509788579904,10.350457581430039,12.721282089112705,-0.7746767361371665,2,2,11.910643167120876
54.33503709941458,11.256157643907704,4.130981032219287,0.8221790608705432,0,12,12.14306765971821
51.54552421092902,12.238393103055511,2.0554250051861755,-1.3463020415882003,0,9,13.57167201984154
62.0877264321949,8.391818630152713,12.97852470455194,-1.416390088157181,4,1,12.042794287352756
53.11851557604593,11.175131712847136,3.440063685632947,0.154647098891682,1,8,10.937571058881117
58.47148136548584,11.151408834593747,3.2651570258438007,0.4372361024364082,3,13,10.998334616645312
58.101186608321605,9.654568347273003,2.6884586363113394,-0.5366938612188608,8,0,10.786254972761686
73.35445027227104,9.63408384126016,14.30201828192444,-1.9401888397066502,4,13,12.51610738361539
79.56514833743114,8.971408904242253,14.76151622314189,1.13546260915208,7,3,10.961784448900058
70.93705542478388,9.10644729672889,7.715945701979782,1.1494706007435893,3,9,11.310105971096078
58.430210817149245,12.272231990771408,8.919748846935372,-0.02881863052981292,0,11,10.985032442218511
52.06768029597045,9.453947920746414,8.240983334341154,3.172381501742828,0,1,10.092712144207194
69.49329093396909,8.21880419694345,2.981129921886624,1.7636690928279224,4,13,10.354820618960552
82.17610684180741,8.685939107876878,14.2206566391028,-1.6450565024153565,0,13,8.8215934291645
53.363909626237415,12.225551041786208,13.003190384614884,-0.6480740093341235,5,5,10.18128111501044
74.987681241336,8.738970237068276,11.330208589465219,-1.3388537868662058,5,5,11.261517717467779
66.0351511681197,12.450988369787169,13.110407869948736,1.0399009751063344,2,12,10.084054887257315
82.06201714631533,12.577982627673602,10.666064197244003,2.2503729509608754,3,14,10.057389247319193
55.62916576244118,12.340207115009257,8.953813731924072,-0.23574969043512048,1,13,9.844341588300285
74.15691889677248,12.800436355075092,7.850493838717102,0.35149331197953254,3,13,11.32780054153607
45.597038814140774,10.073504501948012,2.644466452125415,1.4784970457569566,7,1,11.18531500487373
64.19651396681,9.338639120819325,3.041406407477056,1.1946538996354432,8,10,9.970687121496486
70.8878081336424,10.552950716292447,11.374745239271327,-0.4675550708965799,0,12,9.60566300270806
70.9965397897079,8.5704448969486,2.9942027299671143,0.5348268291453085,5,10,10.499431095232122
65.01334043964177,8.05322737057947,13.706868254194312,-0.10010633219304647,4,1,9.959210537621129
76.73185522039199,9.410194129591302,8.839743733557572,-0.23951122268853725,3,4,12.509812522855777
71.9458724991475,10.0832310075325,3.046389417513643,-2.250484410233553,3,9,12.970865838101526
64.46874082807685,10.03825303331128,13.165010072741527,-1.3487296241043847,6,14,11.039570139588934
58.618587309293254,12.289344169738335,5.9509120245848655,-0.7381724612939629,4,9,11.615717113400397
55.8826898979877,8.620995161161304,2.332498771642091,-2.056254984051754,6,1,9.611988083653497
83.9870541971868,9.31954087102352,12.456025240336402,-0.406453438616123,4,5,9.73841047663741
64.4834666978775,11.880471503815965,3.119566204632881,-0.718794094371457,2,2,12.996351612140456
55.871332072484236,10.48226130623924,12.22594805854829,-0.8595225084508964,2,0,11.165968423832084
44.981928434582734,11.946545398092898,5.805417627752795,0.926523864119014,6,10,10.753216991106136
80.73187420100206,10.896439471982115,4.868261336814357,-1.1725015018012177,4,13,10.744648688643803
66.81192595230186,9.347370351215854,5.60944957044568,-1.0603347196927724,1,1,10.503938104875608
62.461267777881005,11.51043118636094,10.184828209826332,0.6103080353875834,2,7,10.671181830109495
50.708206859583456,11.191958134104738,8.198938141575386,0.7407086300708396,4,11,9.589389308613894
55.90904385755783,11.872453089177641,13.221905128469311,-0.444433319916523,1,6,12.071082238032199
57.2716937917356,9.114011408290633,14.36959776175044,0.8329700792324545,7,11,10.766375730257975
82.65638710463257,9.976851538751925,3.377325995259191,0.5423076873894003,0,3,11.68768350903839
72.94529696785202,8.3385251794188,7.074619761117382,0.5677539868214504,7,6,9.971046029208228
52.9951921317655,12.331423818497532,5.42732303191859,0.3563111127076911,0,11,10.401258375848414
64.51931926455799,11.421812599829412,9.383910127410257,-0.36615041943382365,5,12,11.462434898473276
76.32406957902809,9.38474575074841,12.455129653875176,-1.3204409529535557,8,2,11.608877657423184
66.69628539153517,8.519096715019788,13.221688491411658,-0.5699680402822564,4,3,10.51926676901237
55.17207707463046,9.492469808368375,5.291228506935953,-0.31649231951810086,4,8,11.723409943984043
70.39105333420852,11.196929173992075,8.698839930321721,-0.04498639382323802,1,3,10.71354106398846
62.66941067903474,9.864370925008618,6.948395189205736,1.3976791769147672,4,12,12.444057378892591
69.51421104689007,9.934967581348463,14.405662340170235,1.3046481695625742,1,12,9.726062497759788
73.1268211977846,9.775137643529888,13.065458168985957,-1.0160530207374265,7,3,12.227254881081688
77.23395038479674,12.987558792190107,14.328828796189303,-0.2024389529500434,1,14,9.642516560741273
51.65433825265367,8.088995361854085,5.81735167096091,-0.5349570241352707,2,15,9.388293346656486
48.257812351191674,8.454612332722922,7.769163256205946,-0.49972945255115514,2,10,11.230839484914403
69.73939277835215,10.444303319377786,4.2918611865474805,-0.3138523584367641,1,1,11.171943829453348
55.60909916548344,10.953641762443509,12.628604116617218,0.31770328835105766,6,14,11.653406972237613
56.217341046743456,12.223126205010212,10.107088388574093,-1.812157751794942,8,5,9.166899064190863
62.51031239495862,8.578841074945759,8.807516113130358,0.33255337925921385,4,4,12.14969797053099
69.39489458287171,10.05845304822045,6.825457024809347,1.1438820193334336,8,11,12.237688082211514
62.8187391058217,12.766218331269544,7.323423770342459,-0.6643937632310137,3,3,12.794699009213126
46.25168023261468,8.96881316764764,11.831629802751012,0.7454603968133986,8,8,13.280675681073673
65.95777867289323,10.873327943183622,5.5727082431878285,0.11188794578908015,3,8,10.66272875259344
71.41555743810831,9.207173276479946,6.9687418439743904,-0.2860025766032005,8,7,10.72980239691906
58.93445107235456,12.646278473627852,11.013683252780474,1.4507740796355832,1,13,11.4280144888027
54.01300281851513,12.754036973712143,9.169795676154443,0.9508921710563208,0,14,10.151181967778738
58.73726755387905,9.05660554738324,2.4354197574387606,0.7565822198793376,4,15,10.611829778745578
59.0258468015804,11.685364882295552,10.301184819761286,1.7963267081597112,1,7,10.969861518183395
81.23633427286184,12.493239923482891,5.092157739350302,1.4171388051585854,5,10,10.23687171607659
60.24142322309285,8.072236634560783,10.361395067070983,-1.12912409078468,8,13,13.325998425161966
60.130232668187205,9.708098593475642,5.273263420651999,-0.035059420398354676,8,1,12.848086766438938
48.98871074098094,11.53229386841948,11.718060353316785,0.711179159320196,1,9,11.61779416884782
73.66698872078567,9.471488510067765,14.215748593100704,0.9729254148657742,3,15,11.469056887242708
48.75476026852293,11.503573222807749,14.50453146134596,1.6314897924841036,0,6,11.04291265474579
47.81031478739006,10.22903697490945,9.706170910877962,1.2972914274527643,0,12,8.952850938581859
60.05893289677159,8.721635793700331,6.073025179818701,-0.3712637328766474,2,3,10.353205715260298
70.3225957765567,9.866329941107075,14.021792208489652,0.6020750649819242,6,5,11.952175109534364
48.14060692482792,9.792044825439485,14.635933288067001,-0.18349209637896993,6,14,10.762467547420542
61.332353940007955,8.18097330195919,5.591294139226428,0.8563875688676295,7,5,10.557517669979228
67.88424386066538,11.269641347077073,4.461892490342334,-1.1871467211838573,2,0,11.396653354451276
60.2979205598356,8.721277950235484,6.941268006344875,0.17400150153953084,0,9,11.896963497133749
69.60009382944496,12.319132311727286,14.546394228855817,-1.9691994388612999,5,7,11.146260317723923
51.06741064436474,10.677977376324357,2.9961341081582025,0.4910211406550211,1,12,8.962059717998677
55.38543781994676,10.591354552458398,8.471356293166615,-1.4672363139093496,7,15,11.358982684293068
61.80973743404141,10.33654321418243,9.55572332405313,-0.5337704994683575,7,8,11.374350111155438
59.0808062239049,8.014697384508631,4.758000691026572,-0.5441150736201472,0,12,10.956924760127789
61.908986359944464,12.986311317612458,6.776251043524855,0.6366252824059764,4,14,9.808712580604276
52.40777644195113,9.348248175629447,11.8842688531252,-1.1482342565761745,3,1,12.25996077274034
65.21287748427721,11.530781752246087,13.718463053366015,-0.973313862349406,6,5,11.723768892260008
70.89196441638566,10.673629068082137,11.16165717885652,0.3202908143073106,3,3,10.401187191967228
49.52104345982576,9.061032912157017,12.71795473071781,-0.7239799148381825,4,12,9.931718235790477
59.594496625757145,11.331078077459642,10.030382736255111,0.31535125893561206,5,9,11.818736489406271
41.21929272530894,11.037414399781643,6.4237158749271766,-0.6242805398335393,5,15,10.777372157142523
58.73584207173819,8.470856421495608,11.755991321515559,1.681412705074683,5,12,11.521207220991007
72.3713189869782,10.199474394639413,13.804154639811737,-0.6804443076529462,8,12,12.138312435775482
50.585590093024216,8.03800878831944,14.445898166066357,0.28495936735263716,3,3,11.083654159875737
51.081732883451316,8.136962719796708,11.43407773792113,-0.2875935489579992,5,12,11.113847450813532
77.39501110510372,8.60210783532962,9.29526755589211,0.9404306049316855,3,10,10.776539228747534
49.513514386687326,12.626826764042379,9.333471195014422,1.008767371466818,6,2,9.861851763504578
84.2611156775711,11.062836920413647,5.127289942343957,1.0741053519670858,7,0,8.490898513111954
59.92355494726252,10.045605869922085,3.8588808634005822,-0.9272041766685102,4,5,9.861041278445299
59.356446499224205,10.94447980294796,2.6981641838693413,1.0650265299225472,5,5,10.133426505447119
40.582257490964494,10.683409825759313,13.927716092234474,0.313722406033383,6,0,10.92170356932541
70.5076333778095,10.806779515019203,14.348463959084455,-0.23251224913169224,0,0,9.861563721366988
66.11736663440585,10.919290884245733,9.96126285758811,0.29678902612353497,1,0,11.204652607622865
62.20384213813834,9.436286059223086,9.176532306779396,-1.41508112617087,7,14,11.012441706742568
77.28720402667926,11.066316363409474,11.871041492411939,-0.4289214129451657,8,15,10.245656774787554
57.250118818195574,8.239983630666183,3.663042565070182,-0.04704648842160643,4,11,10.822331155851643
49.478149416290044,8.759193584578679,9.960971762640582,-0.4961024703101212,3,8,9.557345883353008
52.88383029791871,11.514388191421169,10.326040540852178,1.616166942212663,2,15,11.236842122508826
42.26958914068074,8.664538336021304,11.080075001616086,-2.039714940296945,1,10,11.725146676086737
72.17595195325892,12.685815693930106,14.45299065957483,0.4612215473637073,7,14,11.296650710466592
51.80065404112109,12.598953349226763,6.7905983900066555,-0.8140327588967734,7,11,12.08865474253576
60.576682692836464,11.48485497315038,10.98668693100221,0.7404127921203251,4,2,11.022192399404702
67.32072863322237,12.755926601303495,11.03076128972646,0.23284052658554272,4,3,9.5247172079082
72.16041724887214,11.268155404512358,5.450132147739314,-1.16989013714659,0,3,10.27232300301055
48.26110405457858,11.285504055943264,9.601357634622666,-0.5309154501453137,8,7,12.355576983258702
78.17945332732035,8.327354032871831,12.390834654460475,0.050526580050116954,3,4,10.885451514684593
61.0262863264214,9.683586532008388,7.683775737868686,-0.5272054830590288,0,8,8.477335436962361
71.91683179376518,8.719404344800747,10.759315771485687,0.23622671918225685,7,5,10.64235593814524
81.70833100508115,12.573014345426017,9.038065423940175,-0.5167907231560807,8,14,11.217114828036388
71.6222533231456,11.879168227723325,4.704011239028754,0.21017797683620099,0,9,9.934892527474442
71.6846289831909,10.856267148909215,9.892771959464763,-0.282397426953508,6,3,11.363664340416769
56.44734518978325,11.68424035104534,2.8506260376708155,-0.41861496837005296,5,0,9.450253854942074
80.18502421878372,8.983055774455998,3.738218682849915,-0.850164459255181,3,4,11.820500521734902
44.23732931012505,8.512096525862649,11.391935696056652,-0.07719603989437893,3,10,11.233226594498497
67.66371310522561,12.643239801532355,6.115727396167656,-1.5597021944262677,4,1,10.95610482205337
78.15924839643763,12.621209524227417,7.907849657715937,-1.3161245619363195,1,8,12.113356614768243
64.75554056031402,9.377703561819997,3.1214502074120176,-0.5003909346411064,7,6,10.180392668679566
77.45253268774844,8.18019697967163,14.470501248488349,0.2977616183992651,0,4,10.689937396914662
57.485111003629726,11.495679971296456,7.23102472500501,-1.5816528342916596,5,7,12.733850434750673
79.9850626828598,10.406515738775436,5.010285102304289,-1.360618451303357,5,12,12.54885886516581
67.25146892660499,9.218078953219184,6.686872511280876,-0.35868000103865444,8,15,11.663447846460729
54.149258067728084,12.689272321359311,10.759158079683345,-1.6114401769959403,7,6,12.622840678988444
66.88796578800002,10.86948133765611,9.261111194665755,-1.280015929983817,7,7,12.059922172407935
73.70146051509839,8.735976884250409,11.629645167260867,-0.5871287135715388,7,12,10.932056141021812
72.95421620743451,12.050866697913367,13.337776882162167,0.5538862049398662,7,6,10.091278399195458
73.33596960879767,8.43010977803458,14.252831422570308,0.5910135331676729,1,12,11.760579474264686
59.568902947629695,10.462273138007358,5.477625994494199,1.4101761186968247,1,14,12.131305434423536
67.12966645298658,12.273831440413641,9.830364323344854,-1.8309202324661287,0,3,11.306051508726204
63.15434381130182,11.079565042327797,6.253457700088744,0.5148793585300787,0,8,10.275564040080035
70.6405085392411,11.749767060757781,8.135066906343699,-0.46476152975450213,7,9,12.365948062833311
84.27403685791414,11.502246014899722,7.036935697049379,0.47760663020938565,5,6,11.736078490691035
57.10856719064893,11.474455990958848,12.813849464805381,1.6667850811024205,7,0,11.153467382806197
56.625768760792454,11.1093867866687,7.808985014734721,0.9577465561696028,4,13,11.689891156285531
55.38103934053639,12.033416020368492,9.507555535094738,0.5743510616414192,2,6,10.333211493192193
84.19581200006402,8.127034889954606,9.67859673230416,1.5500537355900421,7,14,10.499673393981729
59.08507679273215,12.621192720359169,7.115418131672154,-1.0422874436637444,0,6,10.501092673672435
51.061685882276905,10.42921272782433,10.703622141959835,0.8689682543212441,2,13,11.012258996777305
43.08540630973844,10.791358133491165,10.203817576115828,0.6907043116398107,2,15,9.58058378278939
57.46123186577434,10.794871042212371,4.323118985249573,-0.8806484748562927,3,5,11.860029549228763
61.995495806291544,11.663808208142337,4.816527025699132,-1.3677470527587443,0,5,11.332410072868255
56.63367506992004,9.638706765432655,11.915944433170253,-0.7947804608260632,6,3,9.91300222643802
78.92620777265005,11.484483708469854,12.622064463755814,-0.6562936869375179,5,8,10.603887815635325
51.326977559778925,11.525214040116062,14.628441821916764,0.027304606345896768,5,5,10.864551779314018
60.906037206907975,11.084453177096321,2.485712719624873,-2.0364623651726794,5,1,8.942585448478383
41.17616693278783,9.929396611048974,2.78558359521933,0.5957064037472506,0,15,11.331099289689991
47.12056105582705,10.561576719910171,3.035878148037998,0.09749919102919524,2,12,11.931320599351933
47.5249298066371,9.765008509079035,2.1522904049426828,-0.9312595240474325,3,13,10.860921846101093
49.76930783450986,11.748909067229798,6.241409233701247,-0.7491948199657077,0,5,10.88643252434541
73.08440777392958,10.23818230644897,7.386646015496721,-1.0809387428317587,2,3,11.14275743109715
51.7610363450906,10.766303035742574,5.278251587050685,0.6516328340353711,8,12,10.514929227585576
60.60300620923139,12.020551446596983,5.211148757038091,-1.0540315859405254,5,4,11.012352304444345
63.64338898794002,8.183771540869031,11.86771509572161,0.29771097025273113,4,2,10.712367235641477
68.67334157678847,10.84859004617503,3.8870965469930825,0.3309190810526978,4,9,11.515948952887673
57.77316039559098,11.612061378858844,8.252412422684582,0.06906556011356718,7,9,11.10395521116503
58.75351372258832,10.77528302017474,5.8962457894684785,0.5197140084705145,0,15,11.01797470907533
64.42731166653353,9.235088174599966,2.422617774488458,1.219416393884262,4,8,10.880990037657796
66.1496909148245,8.965553010415954,2.6057050733054803,0.22241779289450503,5,7,11.893712421509518
60.55333297152776,11.120112238034984,12.178767161213273,-0.6999886357598093,1,10,11.98192947473223
53.11898744070258,10.53216199655411,6.49048713454179,2.186602034719197,4,13,8.272502419374716
77.90821614139566,9.286631397891707,9.096208973175218,1.8992706710585383,1,0,10.7498831363597
51.420424243728775,11.50945166646862,3.2804399955693127,0.12115723981580752,0,3,13.221168406602612
45.70328219198992,10.476419646744628,6.868359500163438,0.0712406785476501,5,10,10.260205226534634
69.95597035804887,10.117199297338827,4.398420608144072,0.3045567984534495,4,7,11.49409261209093
66.79333536168129,10.354116081722138,5.858273142206928,1.4093691630425305,3,12,11.12306864963226
64.66820493739786,11.45828098520825,8.580205190353343,1.1071711515631302,6,4,11.431624249166784
55.29597079206016,9.029805532562298,10.271939686094102,-0.9804386205207675,5,2,11.419140694740978
53.892105783772536,11.828075576699439,2.9753329118308356,-0.0014485118204543934,4,10,10.480921671725271
69.45308362782445,8.779886940773217,3.38501561046077,2.128240505398056,2,15,10.717663668468374
60.68505958792695,12.450856193401457,9.020957121009793,2.1419194167735807,4,5,11.056948936251727
66.52814898741367,11.215241226332878,12.747080409740189,0.16700571333026912,1,15,10.098536931958822
60.27034913116512,8.085330467431753,7.445264578154466,-0.6412965335573138,5,4,10.936085825340882
66.95472762985554,12.969276076668706,4.505989857578928,0.7650865420266997,8,15,10.822464020133415
68.90505859842315,11.731686787639488,8.644692143971795,0.7678675973712653,1,10,11.390248822382292
77.41912442816766,10.975398387536659,6.9373838026132315,-0.5829373035146643,2,13,12.252820901857008
82.88275578390008,11.370512714809546,8.529614696369467,0.5928123970038633,2,12,11.250042278671952
55.59759349454507,12.170525170986142,4.817429695763574,-0.5096760742270027,1,14,11.809588853374791
56.09659136894017,12.952457893307304,14.320453971330952,-1.0518615557758448,3,11,9.127696515491944
56.82868868079609,11.41702187189204,10.163668324562552,0.31701978645047857,2,9,9.282476227164373
74.04126656057667,11.96319303636233,14.126640374150918,-1.1160690181280717,3,5,10.402671841815698
63.907020838498816,12.690810880377327,14.031292529927144,0.43881646469969604,2,9,12.629325569138906
65.07920772388138,12.613741500380144,3.5135757616744323,-0.005676914564628854,6,9,11.996078194977452
57.07426326955807,10.353467969004464,4.135479374200217,0.808662836871666,7,11,10.578812618041551
49.93944608022478,12.636770484445456,8.448807853331846,1.8803983352402986,2,7,10.389716612093473
73.55226131560076,8.794057154190558,7.8819310888967795,0.9766781519798126,7,13,11.359299459357796
67.02646896431108,10.243561491311358,14.141052949387433,-1.7526807700281697,6,9,9.709793227600947
61.023001893678064,10.363864022202435,3.6368695383500724,0.11454039517705315,4,15,10.43997647951278
71.45984494198117,12.131227180371454,9.176751520529868,0.6146979565948326,2,7,9.539405824665206
53.2061844194601,10.429251178087988,13.92877256528934,0.6207250143089145,0,11,10.867145083437862
59.795753870817904,9.67325259717812,6.263952885542109,1.0387065488014025,3,9,11.568193494892075
77.7428958644428,10.448296995320185,10.515822549824499,0.7937603316817647,8,0,10.605940976869165
65.05815385373052,10.477074840357476,8.837044076187263,0.6078951007535685,6,1,11.661588727789045
63.69150176369955,11.539546173243792,6.196298241930253,0.8816006800282092,4,14,10.63379800724049
72.93414977378438,11.03141502122417,10.03726692064787,1.2058252922431711,8,6,11.729437187037721
81.664904247624,9.736647688705268,13.472788223265136,-0.7570124063444563,0,2,10.871964550410228
62.8597560824753,12.904597898972387,8.535402195858856,1.01806163112623,7,1,11.240428081349517
42.895594102867165,8.052109661760989,6.709717529124059,2.1322823358536374,2,3,10.260501710503105
45.51883610713589,11.738336910630142,14.66117162003325,-0.9873569556338095,2,2,10.31078154318796
73.14191924900601,8.003440761110754,10.821742125720567,-1.0701615055966205,0,9,11.0288658574536
50.16682531262039,8.07754163927401,7.424124402195366,-0.5728923431677413,2,7,9.706588241090152
70.6174493753966,9.26116576665125,3.6799887846652104,0.6843349440945993,8,5,10.589110495326805
60.517662500057284,9.237812183163449,4.261486007805779,-0.7176622289441141,0,2,10.590672343093765
46.71705571775159,8.329372091782275,2.186498445510618,-0.8515279695662783,6,12,10.471033154333064
60.90470696880567,9.414879682342434,11.56014893938874,0.13491761238490313,0,15,10.371415556743917
56.85747592614794,9.691922079479882,7.011282840480219,0.5240387099177771,8,8,9.695812894321293
64.36214535943826,9.687401404535894,12.749343840404801,-1.7017046061575343,1,11,10.150290661301026
61.04354486523877,11.272807625345667,9.942353539384428,-1.5966533906997356,4,4,11.53108982861254
54.621607297635734,8.450557202056638,4.596332250998498,-0.4557847041814818,0,9,11.472347729184035
74.23305586418783,10.328299466941452,8.852767220698947,0.5066803992424521,4,14,10.812404868434403
64.09391544303497,8.122910620219734,7.212766657974299,-0.6785388809810228,0,11,10.344527251738175
57.881302901445736,12.971597937033618,7.102148768247884,2.7162439064339656,2,3,10.474696823263654
44.90747584307524,8.198216527875186,7.183369641181616,-0.040276712163926295,7,5,12.85164370555962
81.71315646523965,8.431195695251729,13.811973530869706,1.1115461383903553,6,15,10.754394905960423
81.88098518392222,10.182508978606114,13.42109686881281,-2.8336119521172636,8,12,12.052828699503682
65.55806494267216,8.61343779365038,4.364124208721202,0.7002348443865704,0,11,10.897028507778163
75.47674706320711,10.2872144111676,5.3879393876538355,1.5637279428540394,3,10,9.656724054558433
62.457846211518614,9.453665277432172,4.5542957154469,-0.5371332297245909,6,8,12.934838205759561
68.86364033413614,10.408058418606148,11.138450194021406,0.10149987472040452,8,4,11.210012127466111
48.488048556189284,8.032588431105134,7.978522992402789,0.4554369378969966,4,13,12.562976139845336
68.86071018426148,9.454982878780985,13.185518174008385,0.6394705641332398,6,12,13.30551962868077
70.67936973048933,8.349469264351693,13.347117841844552,-0.2350947011229751,8,10,11.09382762435194
46.70282199931936,8.633618497904505,10.718670563932143,-2.0738740867567342,6,9,11.024049441192709
69.74688273576531,8.100878090316762,8.794603266781635,-0.002649530239607275,1,10,10.760121458865854
75.62526645311802,9.07307725649231,10.740617735135725,0.7467274563711973,2,11,11.489367080773883
59.68120730206546,10.779367404328786,11.183603741377972,0.5638408577484889,3,13,10.424452890915807
49.475459871706946,8.881949903828627,13.86389293210486,-0.7635403386294494,8,4,9.649997495292551
63.74126940290682,9.618340267235991,11.979075759365324,1.5658635266938474,6,9,10.476176270801885
74.11288639721927,11.283261966651997,2.670004452381385,-0.32784587250675357,1,4,11.281360375524734
54.02904706159363,9.465632925828205,13.092312248117866,-0.6405312930370225,7,4,10.56375032796297
73.62465446376322,9.721431857282457,13.43144322855236,0.01153604752191871,2,6,10.32047731359017
72.42522209140847,8.732820370990135,13.990468249292586,-0.05644217482275806,2,3,10.957771428795091
61.95262371025411,12.679526705320384,4.6377055027172975,-1.8573944295581,3,9,10.869496758738851
52.602358038802095,8.860115950742365,14.833912423205886,1.1283056935140907,7,0,11.253726626703392
67.72558680871904,11.780648691989999,14.033663343467394,0.9099475532351311,2,6,11.171017683112918
72.43144345909612,9.47361904011889,2.4960607708805354,-0.9189905710931346,4,12,11.233258471132036
59.72057360675828,8.770671626306514,11.325707723527234,0.3020457500795222,1,11,11.142657345404889
49.65958093855889,10.972262848703869,10.10588791727055,-0.7346536929490419,3,11,12.676387446805887
58.08396702759498,9.168214507696483,13.815597752710575,-1.9894122241331589,7,3,10.285340058872793
68.59081507405935,12.791505109974793,8.584797666471633,0.5288870534841696,2,14,10.350668452197723
48.7077657406124,11.941284691012717,12.167453804836882,0.4865002445484071,4,14,8.981690097869972
71.07007799233689,11.752608031926716,6.7374680331753085,-1.2460772928852248,7,1,10.693633291660191
60.813350081919964,8.574429497198086,10.015205135579452,-0.8581842886173504,0,5,10.284183081295758
57.86383148883745,9.707709594276968,5.616910073107745,-0.9849969168228355,4,11,12.071054666543828
71.16069835978168,9.368756391271244,9.071368645148251,0.4692365023283217,6,3,12.780331761414761
42.68910760510148,9.475339677909188,13.823311667129547,0.4185594621466945,7,9,12.800028289626134
71.90447419953676,10.694028173714496,3.687709311035833,-0.1579507294645818,8,3,10.299523274306235
60.85001620568852,11.308858090344568,7.600203020074525,-0.5120930519754299,7,15,9.946610184430947
74.80897366828287,12.66566949376131,11.8465938447557,-1.889347542225716,8,4,11.563841306055316
64.61002480082553,8.239241647372657,8.68639299385136,1.065394092190609,1,9,10.632673097112585
78.12377695258135,10.416131756334824,6.196803927669451,-0.1992048551661521,8,5,10.545114154416442
54.29334943032451,8.875210862560722,5.211646568746591,-0.7843776302555995,8,6,10.598276017731028
79.02112654057777,8.20524397874038,4.3567728272205795,1.0613784230491403,8,4,10.480143739426484
59.400632982722584,12.024433117981037,4.737252228247122,-1.1393031428316933,7,10,12.24530427648951
67.48202079579985,10.159885207666933,9.708534539638244,0.2442856131831025,1,1,10.04281518776635
65.41313692551905,9.679745520044918,12.864224710636794,0.6990454021032729,1,6,10.812663134959154
52.555526630111004,10.361524104696645,6.281818357471746,-0.09418679672539208,0,10,11.19733634436714
77.89939313811553,11.009928072110615,4.642972666650833,-0.15028485851452833,5,2,11.110148273303581
68.89300564963071,12.098830389051027,14.442747537775181,0.4321972597487563,2,14,11.691325535873265
55.398087238574675,10.1870183123641,4.894337685454688,-0.7296357658938626,5,9,11.720132311639373
64.54356358128935,8.299779158790969,14.976426993897054,0.4488531081673169,1,0,9.982275318301662
56.06092922575125,10.379341665684354,4.519460426737327,-1.368208410494327,6,1,9.124628606570699
72.48930508293371,9.999805020790031,2.658049645981785,0.14902348706271032,2,0,11.670808201791816
69.24432098454132,11.100671044026704,12.454552336546762,0.10877909575752118,5,6,12.733002897142127
83.68801559352144,9.651070645834434,3.190083092687033,-2.6521844796342005,3,3,9.306312521167165
71.01162693868048,9.139042182338692,14.074413419886328,-0.38580166098836727,3,10,9.521203404806313
44.469762939559644,9.805113309396543,2.9232683795206746,0.32394056025736495,3,6,11.465926403848067
53.47207088506323,8.769297864535012,2.4186214098483982,1.23691373788644,0,13,10.060829210293315
53.0180241695022,10.614784320683944,10.115052394400612,1.2950798484561863,8,11,12.016199193996055
60.449868718823396,9.455324444789115,6.629852992966883,-1.334294476167784,2,7,12.156426791571752
74.59781821192044,9.745848068039157,7.679425546114314,1.4465424496986277,5,3,10.254481384248502
41.47501905873025,9.299663563364621,2.4963612335720073,-1.2023592165322883,4,12,10.358764718603071
58.32256864652843,10.337888087022666,7.05325781423081,-0.2937197438074848,2,1,13.055894649273377
58.3173933711393,9.14395368384899,10.132403313112405,1.3745517565063377,7,13,10.745591587931473
76.89323713603498,8.041567365766745,11.879158114647257,0.30202926388388507,8,13,11.423319571779704
62.64555335022669,9.409229002091982,9.071936798478244,-0.08372341449113539,2,3,11.285229439749362
53.6765270136988,10.769897954738187,5.792836712339293,-1.7776148032593846,5,3,11.456536238182887
49.6689997872197,8.778703683344482,13.73518275511908,-0.7032716041868541,4,8,11.428300791636474
74.60903660103529,11.667849930490316,10.804061861306183,-0.8731537165093138,5,5,10.950403324658879
63.15257664058272,11.091066573679262,5.261727112341358,-1.324562760621014,6,14,11.686044332611026
71.1050174449339,9.517519683295257,8.801161970130291,1.578621785917234,8,4,11.218494051986774
62.21916523619875,9.217157974100882,6.821159840011511,0.5351548696900378,6,7,11.440845528286387
58.81378270761576,9.277066349595504,10.596179894744742,-1.0484158286922671,7,1,10.758742790967487
58.331353215281155,12.302816552867082,3.149742873952265,0.21465166852071163,6,1,11.30541255529878
55.016323556313196,10.627501180036031,8.443560595815864,0.2597940540486206,0,11,11.586075359379672
63.01313146257062,10.575001106076446,4.6999450503680364,1.104523910330445,7,10,8.213280159469038
61.563027851689654,9.416774170328084,3.5741389959850176,-1.026297794386373,0,13,11.35442743508355
57.166875898297256,8.537640625576634,11.34121700498955,0.5595540150216878,8,9,9.50508254801244
73.58136905261888,10.427092749663888,4.458829304914329,0.1028621001627754,5,14,13.01809418709846
64.56684543375931,11.085669512216361,4.006490253807519,-0.5823854389108095,7,8,10.648981304695798
62.13399546415862,8.407863823293134,10.764434146479825,0.045651900590228736,8,2,9.736103265071208
53.33602266318371,11.262009351740979,5.101882064521609,1.9715577068132717,2,12,11.394011242734825
77.84595636608658,12.620384778899867,2.32964648232541,0.3696781386366427,4,11,11.585132410521297
57.8744565260169,11.88071599534175,9.616372724575069,-0.6904961884785008,5,7,11.781001486034901
52.56025452406231,11.863090686208178,12.603648008900304,2.898707333025455,1,4,11.971818986375522
68.73168184812498,12.324874294163767,10.86279430225046,1.0409378412309889,2,14,11.231027879255729
64.24283080869789,9.776485156548704,6.945051687416592,1.0634755061776335,4,9,10.685100301225317
49.3921547686665,11.557594970347933,3.3273097336375153,2.5102918033153103,1,10,11.251908470607246
63.75911127213386,9.12981467998468,3.3124195049539225,0.12182473580255539,0,1,10.486521329083326
54.54164581541511,9.269461556361845,14.997141944975715,0.22372377930857767,0,1,10.362238368475232
81.33978833036126,9.782172936255138,13.073339161047503,-0.045110360341594824,7,15,11.156669248498758
65.35929977895145,12.103111565348426,3.724639244679932,-2.431074617181058,3,2,9.697564578714594
74.24045072940571,11.507829035996041,9.07934283154154,1.0675302183254594,1,3,11.213081409269291
73.58766344191903,11.972178390149708,3.5879671721934137,-1.4482442164471343,0,13,10.57043797056193
55.37202793433971,10.207815624066548,7.811308215939597,-0.11537852880933495,2,11,11.28844543053766
82.64852999775961,12.459990618012492,7.779951940601278,-1.255848429995359,3,13,9.74652087159661
59.485090865048605,11.145712800579123,11.824851085779063,-0.35600003495057453,3,9,10.125640995574152
59.258855411519306,8.959782720764915,4.86661806862426,2.90014899084225,3,7,9.882049018798359
45.90475614856168,10.161639248995805,4.712843731137788,-0.4302210786029708,8,11,11.083203758140003
66.35928297967556,9.22152572800762,13.963215730492923,-0.09600864170383633,0,9,11.850739694636738
58.66809378457951,8.351291657130764,7.9993506611053435,-0.028587533920174938,2,6,10.548604154863247
48.980211264021676,8.30744528956556,8.866485624088183,-1.1881233298266898,1,2,10.73707645325059
75.23931977220883,12.397980083972351,7.049836534652229,0.3063980406699004,3,15,11.784211064362973
82.33504076860144,12.211851688421422,9.587220044661404,1.8818370476754116,3,12,10.286741979610769
64.03627660245513,9.186575084401413,14.628918695461845,-1.8459022783338082,5,15,11.245366342217016
54.4279717674125,11.03833191101643,6.013837522020999,-0.2640906850801712,1,2,11.043733038502403
58.51312671139346,12.2627341478951,13.163581111280012,0.1769394458065556,5,8,10.724590542584341
70.10929855786077,12.843571080094044,11.558944552425322,-0.2952858569519557,3,8,9.550930734154761
58.105706579103554,12.052650093578512,11.9091365542557,-1.6883915886446772,5,7,9.284535071326264
61.74334472219717,12.813133413975166,11.151048854380624,0.698407115632851,2,2,10.890271528914248
65.2874724123377,9.39525781816021,11.942157399089949,0.9908528909549511,5,15,10.29746595949892
52.2049278522919,9.797983172151195,4.659684970473689,-0.050571897370046914,1,13,10.237200652080912
48.00369254382296,11.763008036918663,11.28595657116546,0.6311411753414147,2,10,10.116608592416203
71.36635398679888,12.414199409261972,3.560364329050303,-1.8160843493470193,4,5,11.807480286611005
82.08241717153123,10.527321492361894,3.4382192051319045,-1.3887439286555223,1,15,11.210240211434787
67.3083205752236,11.92888719770189,8.220144655630769,-1.0943233540770139,4,13,10.107153100526256
64.61623345074872,8.212624450011045,2.2866619625359395,-0.7630717538420427,4,4,12.722108033634319
63.6501078137255,8.235967516930184,13.840793798411523,0.8564498800692069,3,7,11.45825557402177
46.52129488224318,12.472925598581547,10.02205680683045,0.6490400681056497,3,0,9.724895226104422
66.3244484667366,9.563602191027883,3.266611191183368,2.2829118447315877,6,1,9.771782126990999
40.72826001077878,11.990715231545336,9.353503090487566,0.5386388397556322,6,6,11.569672177388444
63.80364336872528,11.483225289141464,12.201052835896567,0.16281379135024324,0,7,11.746349648173235
44.632441769532534,11.472438424039261,12.744584670104567,0.6841647093434036,8,11,11.20583414799902
64.92563773898195,11.928251335813203,13.21964838990067,-0.5322410102745275,4,7,11.090047795793588
79.31607835963499,12.108737701311789,14.524989167791102,0.13278548330187087,7,15,10.647552252170513
63.907574268019495,12.514154280939149,10.577295621471366,0.2689078921724568,6,9,11.517552828195546
70.23156855789192,12.641633109219292,14.726359880040032,-1.670972707824457,5,10,11.759124060975637
60.02728725909065,9.315737882567047,9.176160517872367,0.8962825182890553,3,9,11.335001155421189
69.05781061645366,9.805440640566475,14.09851039298243,0.6441438383372792,5,6,11.039558982122667
54.988129372388215,12.434454774138349,5.591703155649796,0.23671097828297966,4,11,10.357194504243285
66.7556345731577,12.930700926784015,8.691870996407804,2.034774015707844,2,10,12.238175888392773
84.13799916284628,8.37306076925648,11.67404945543636,0.7932792060512595,7,0,11.89678543059258
51.46686014230999,12.23207512713362,8.78124387754283,-0.1532730065072414,6,11,11.30944890734458
52.00677177459269,12.520159812750345,5.4526279533033755,1.0937934640658784,4,10,10.720223567079431
62.28568310978761,11.012033569597833,6.815508424296682,-0.5562113684275404,4,15,10.118451725645516
56.55441510268664,8.52771660823652,4.9768559153493035,1.9066198363045743,0,11,11.472196308381722
61.11537683471104,9.255167306646676,6.465622038579769,0.21550654807448388,2,12,11.745820328757809
68.76292615354882,12.38406325751658,10.524856932228772,-0.7612678753359811,1,9,10.053464817182919
53.68565320914114,12.073900437634325,13.419323792168964,1.34522316350689,5,13,9.891596230197775
74.64856030172466,9.05147628091016,6.86037125650742,-0.30870374280647056,6,13,12.851749611227254
71.07938220423726,10.830217834850286,14.855271155516443,-0.04500548402867013,2,14,11.693369233124562
53.48646416598703,11.907319937651632,7.423883037300458,-0.6319798650515317,7,0,9.705402717019659
55.79900802227192,8.033346995076156,9.728892041288656,0.30526546482112604,4,12,11.298293848085839
74.86234584849937,10.617802543670038,6.8019955652912385,-0.82176026147957,0,3,10.927482329504402
64.26378861613577,8.270975143510281,13.54365727147208,0.5549836276011516,4,0,10.022264104010254
58.678337589881956,8.496500580300458,3.2168312491807782,-0.410413306239594,7,9,12.732278620105605
56.807816070219644,8.04117942388759,6.6155258168177085,-0.9426739889197046,1,11,11.614434296251947
59.49923142258032,11.932576105838917,12.691363243385998,-0.07996816330100556,8,5,10.417675233947506
67.20104416694114,10.055329225122941,9.172116622378837,0.06145973831550177,5,0,9.377341178236689
62.38501069945922,9.494248732429442,4.0077007566563365,-1.1550777835501456,6,7,10.84247316368762
51.60969626390999,8.267956236226293,4.79165240163058,-0.3553759199969999,1,10,12.69718232973495
79.22813039855947,8.906677517615721,6.449913369918451,0.49162695773253184,6,12,11.867352698498367
48.32266124409294,10.968127031134182,14.338970035951311,-0.35397193040547115,8,3,11.242300438947677
44.504624759308726,10.438272809951517,10.82948023768925,-0.301688176729418,5,15,9.40868513507307
55.441719487082175,8.846458741922982,5.194258002347582,-0.9160224664979632,8,7,10.684624545772115
54.65853708962905,12.698125842295488,9.459535505779794,-0.40444572831886166,1,0,10.83446620133113
61.571985299411196,11.24971042301205,10.930207215007105,2.4521100262877966,2,13,13.561018057182674
62.13519951862068,9.972597993956633,9.283057660171398,-0.14179393675671728,2,2,11.896024098946787
66.40713838624832,9.356356103109981,12.665323275548232,0.4736473766874621,2,4,10.624035388312375
55.61052664909365,8.88802877674698,3.0680040920766993,1.5557291379093023,0,11,9.922587378481452
61.122823086552536,10.253537776812932,9.479763576776609,-0.05345767515429138,1,11,10.598712162094102
59.853019865227196,9.149258447531329,3.663457239328827,0.0487688632470802,5,2,11.915774510553023
65.58973556354316,10.079128800480373,10.357378511462844,-0.47711491938209993,4,9,11.249966236541566
61.98074686035993,10.655949280609757,13.068445899011659,-0.6862997536796401,1,3,11.1105208693496
66.28939701313844,8.341502829281453,12.146342192602955,0.45925760474794136,8,6,9.978957416520508
66.65745317649503,12.522586531879735,7.334734799892552,1.1426880561701678,5,13,9.909293805761786
56.1018324183536,10.206957815560852,2.218803044032291,-0.996645393212997,7,14,11.145731858718065
57.861402712023406,8.455715426601596,3.3860709441845174,-1.9305969788114044,1,5,12.244806366876064
47.08336248885133,9.73054875693377,7.179315324942335,-1.4801082385380784,3,6,10.386775139816786
74.31737034244856,12.584374621871763,8.13680980234999,-1.1690465489069952,5,12,10.954455713187508
57.944318356242405,8.586062548415246,5.158674508005497,0.15741505584833937,7,14,10.180690344814092
63.84290903036522,8.233163280238696,6.05708279615379,0.6695873560287126,6,4,10.772943028024368
61.503801899474034,8.582951052911573,5.9489522638639905,-0.8195192115416382,7,15,10.385712617457651
77.01165194109885,10.200185957319375,12.19968842619347,0.8138519129505022,7,3,10.38413416746658
53.998287705656004,12.824749541404202,8.99489261629472,0.7459911282100471,3,14,12.275145295511802
80.8546238750529,10.245964424678128,6.5431431827855215,-0.9571288588144977,4,15,11.551428233859701
76.54801183404369,11.60416579609948,11.117956524563848,0.9431697368360921,0,10,10.549462886555695
62.800399732974206,10.027035544566493,11.219394565851085,0.12802361350442723,2,2,10.848320206186633
46.31506329193255,10.795102034996482,11.871944161054657,0.4997720509684618,3,11,11.736216651892404
72.31027364570294,11.120097353007024,2.808856674237972,-0.854399928296405,4,0,11.74464418673929
46.59246703403291,11.968565989322602,2.6063898841014237,1.4169174043325163,0,6,10.492134639459545
43.70194194904927,10.65578661139237,13.916584090330048,0.9534105706019531,1,4,10.865244672551004
43.75890562754239,12.231662712136824,10.198289871957131,1.316891567647953,6,8,11.09092173309536
52.63247869613321,8.129743436876991,7.511750559363447,-0.6119505997038343,4,3,11.754891281495063
74.21407958906852,9.913835823980198,13.040253484018477,-2.3001043014153755,3,14,10.505405107489361
61.954082658840264,8.732148607934825,6.595555376487661,-0.18142559587881155,8,0,11.198249990183674
57.531125870677414,10.567206974589473,8.741707078489325,-0.6913510660871192,0,10,11.147024865508188
46.021600590148914,9.57798644578021,8.36036296667346,0.2784567844773992,5,4,9.07030541189179
54.10188429392652,8.421291381111747,6.965521282091215,0.13208638788196583,6,14,11.93215833280098
78.52674222672225,8.083165486112168,2.6396301947654113,-0.5521398184412691,8,12,9.905993414816304
58.379337914798036,9.293420951405052,6.859078981220925,2.3434686856149134,7,4,10.727872026683816
69.04962104377981,9.972560632906617,10.163817573838132,-0.038275305926261716,5,5,10.055171419351561
46.91683857003622,9.512776400374632,3.876131366342517,-1.2712842804811935,7,12,9.138778658164735
49.868667929534915,12.041283532882076,6.63865643611223,-0.13259291087383074,1,15,10.466681482940507
67.86694632919533,9.457719614839654,10.224028326324953,0.13649663393580116,6,7,11.702505066491376
45.8830705057922,8.178676184678432,6.84011341794075,-0.13193656902605252,3,1,12.671868075816992
70.75369627027355,11.706295794705001,11.281451091897843,1.3714799514034568,1,13,9.957370332620439
60.47219332745553,12.260564728294668,3.0008569469050057,-1.1073511827751397,5,3,9.475600426027786
61.58490153336882,8.666513079954225,7.0556054834365645,-1.8791213385296905,5,8,11.594671511809596
68.10165364886335,8.397624742493967,8.484457411815818,-1.8222210659852769,6,6,9.205932810634728
71.72015827390403,8.520570297590279,8.295546486501939,-0.6607409782516114,2,6,9.989837211100426
50.16553651614248,9.881369850943148,14.724839936315162,0.9313818699702529,1,8,11.029700266640338
71.38121321018777,8.31041288748762,2.5168691707259487,0.19235868686929952,1,15,9.952558992541611
75.577079016078,12.649911685676809,2.5354197527222273,0.18460764700489896,6,0,10.859197588957853
70.77697562977914,9.146390832182103,7.901977814756529,1.0863399048049929,1,14,10.388171223768985
56.18281317245733,11.231314624026114,7.167403815951575,0.9439707979814351,3,2,10.338180746856954
64.0262332627052,9.826745088005193,14.914878210730347,-0.41860748250666463,4,10,10.313102835502905
60.82972615180071,12.041019893225709,4.367830705950309,-0.542081190733563,8,11,10.821274425384336
66.83092124913848,12.10299333618596,6.528439582164751,0.1550631462363281,0,10,10.352228783764522
74.92473177584183,11.081811821103116,2.3049502169526614,-0.02099510870366029,0,9,13.461189414627432
74.36365631326136,10.850814023817081,13.403998234568816,-0.6305268244385137,2,3,9.979396427243364
62.21422856110899,9.192400292805921,10.773850934461315,0.9260675233813997,7,3,11.575323927340074
78.01322359547744,10.64091193812293,12.242475790761684,-0.6116154199643213,1,11,12.988631064243215
66.85156053944992,9.710815310644685,10.30932200150488,0.868294541401882,2,14,10.920806964292487
69.81862084192369,9.302209222302144,2.5777644340993886,0.8910873784577369,3,14,10.680091552931538
61.22464725313333,9.944993799346069,8.25940435623502,-0.4392446349237569,4,9,11.092864952506726
68.40719478208041,9.081289728499177,8.033781206893927,0.2894088363303888,3,3,11.485613170449884
72.18788345663742,9.788439009056514,5.527773466864334,-0.4992839284767339,1,12,10.472169845538142
64.13847508124313,10.221261439385184,2.1465080105065306,0.6111672459448889,2,5,11.566681392773232
54.47722654714268,8.693340725822477,4.060039727411146,1.7125572620921292,8,12,10.002405108506267
68.45304157842497,10.030545518098553,2.5221084579143733,-0.9975131650075723,1,0,10.746436097042286
68.42126557048596,8.136329804394752,4.551483407544968,0.16880687136194075,4,0,9.64364190204936
66.52637498163234,8.976283865833366,7.040013180679118,-0.6260459970078648,5,13,9.55882384845452
59.00909214411601,9.26548129453944,4.758541217150352,0.8085338648728831,4,15,10.704458692549574
38.97562149849641,11.57439325083817,2.3343445792269026,-0.6677592731495612,6,8,12.522458374566238
56.644847402201,11.362877485143658,11.51714009835053,0.29341023348837114,4,14,10.929277957779025
74.13824705078257,9.483527951036237,13.63210934222735,-1.8349788295650213,2,14,11.009925748336496
72.61747397095598,11.305917609765821,6.12339401978994,-0.05252942929702029,3,8,9.103162114642725
53.58328430996322,8.568632527482132,2.3169044806387418,-0.08325742803637005,5,14,12.098771449625316
77.12088520790238,12.45748992145423,8.794094753556587,-0.22586733854182456,6,1,11.056727043956533
69.21466004037292,12.15748148696147,11.707853502643399,-2.3664901967842833,6,5,9.45748226853039
64.93850871542621,10.960576019395202,2.7297770549752216,-0.524757267322683,2,5,10.140819453461505
62.11685843237768,11.840500674366165,11.482785747659976,0.9845149977975799,3,14,11.372230419113398
65.1032152122708,8.497370909084271,9.334615391379867,2.143887791838467,3,10,10.866042248205467
40.7545311766513,10.4331543006803,11.684048477001665,-0.8497475858070946,2,4,10.981395894655284
69.08014452847536,12.14658308743406,7.944163824586502,-0.6395097618952931,4,13,12.699755869165305
54.95386277092865,12.939112828599688,7.147785192143618,-0.5722677831270764,2,9,12.175316023126317
48.2679913308622,12.418564212428368,6.534521257167273,-0.4069626050987757,3,1,11.147247570867119
64.80734891078356,10.854781386241463,10.889287812007643,0.9727391829955161,6,9,9.966120679449846
59.938699087960366,12.970386616006957,7.396916606332547,-0.9897655801095112,4,10,11.36621424282513
60.7357774218967,11.543103952805406,5.655994198211169,-0.37421664243982894,2,11,9.185494083077963
61.98174351610246,10.42028003845641,13.322411129698882,1.0483364570494516,7,14,11.651603897751913
51.24877669480706,11.86028544204552,4.743924597684477,0.4035594309153759,5,11,11.286863459265724
64.62224226664858,11.161614933360175,6.891306873160358,0.994845884944583,8,1,8.355265775004368
60.22816891268882,9.074186406687389,13.881305868854774,-1.2911671882957922,1,8,9.857248221858821
80.58324109670097,8.385084901882596,3.6505204725112037,0.5411715950757475,5,7,11.873668120856584
58.465832472213414,8.357533225609831,4.180826569611447,0.22066565047717446,4,0,10.516378627127267
53.23020885527734,9.317161559453682,2.548910246497498,0.34630604251055647,6,11,11.326181636060477
81.11202610332202,10.082866893350173,7.118398538429531,-1.6476403401915312,1,1,10.131427735785202
69.55309390906481,8.991137307265072,7.404854471861469,-0.7892853665784842,8,7,10.840410092093373
67.25670128379792,9.965863965931351,14.65840137695859,2.05102264506751,0,7,10.933745062753799
68.6103330450334,12.859612420630189,4.548410440134996,-0.014116925900765171,6,14,11.762234542965077
66.44336117218424,10.509206137137127,9.494737318798723,0.9293227396741327,2,11,12.47914908969047
61.50599956504945,12.570111252621414,4.5588698095900515,-0.13496120391068653,6,0,12.144269051421247
49.28703383154541,9.87886248415244,9.35186417940676,0.48480606272232324,8,0,10.090061012686304
53.726672131658916,10.23499927165203,8.779692558511986,0.056854961177432634,8,1,10.939394119193977
71.02233540289166,9.091011813964986,4.935099164608651,-0.3462857059754797,6,3,9.793846172519517
69.49405875344908,12.17273951990247,2.802675613908307,-0.7891171613620244,3,12,10.521279411202862
58.348482841905735,9.339550316002727,5.24084235770208,0.38800900527477467,1,9,10.13795964738325
58.776508701779534,12.613627632571552,2.9639051474036906,0.36517671914491084,0,11,9.676425296417477
75.02790675369522,12.236272824274543,13.771217384968864,0.9101103521908317,1,14,9.073237645745234
68.98711373569455,10.724364136003002,6.193900573633329,-0.5240043724318494,6,14,9.624225656129825
62.17851032245152,8.876260961308423,14.373645405547611,0.08150329724218953,1,0,9.497447111395472
57.91083427325925,9.527220596029162,7.452994399306647,0.019586039216532746,6,1,10.251439786528127
63.93233886536249,12.147777770419118,13.585709850952409,0.1049720616242329,5,15,13.768244673585786
44.10839195403142,11.135164358548991,7.7959695336838655,-0.6703209283971477,5,0,10.138676603861091
61.75110733645327,11.14112106145723,3.144587252247872,-0.47028507128236824,2,7,11.523243667133448
79.25820249440238,9.604679618847523,12.889681330169411,-0.4950434909646857,0,9,10.800973930571685
46.34665979813707,8.191697259326961,9.41386487170183,-0.07121550166452034,8,9,10.69208913460605
59.51217186061946,10.627282154920755,14.474195874416202,2.6595854392409546,8,2,11.523069384885185
49.555521220873686,10.293227423088917,11.924275606171394,-0.20972860840475563,5,2,12.28693208204587
73.76093841516075,8.85297773530024,10.970108589026129,0.36897576834467916,4,0,10.733572949390693
60.628815523197744,8.286214597001134,11.949140380883861,1.173006043694886,4,14,10.751396020794559
63.48757426891197,8.487669327326522,5.951856541060134,0.06618841499301983,8,15,11.560194306676154
53.32895318311344,12.116817924977317,9.559827125330102,-0.5374959482771898,1,12,10.418422029773938
70.25149464328761,12.8353098793031,8.746524211049337,1.6302472072748988,6,5,9.060639091123235
74.67948150565984,11.027541966481909,11.244542693266817,0.519662286610883,3,1,10.305547159345034
47.77371756446351,10.969771709197623,14.696163317721524,-0.048573871279285245,0,7,9.31603485777
59.83679773031358,12.46313053339051,9.195847024459432,1.4751459220596086,3,5,9.673897041385587
68.9072665553802,11.655575193370513,7.270744130855512,1.2430706292089466,5,7,10.861648501024225
72.47693950051269,8.987208549308058,12.316147789197757,-0.12083247181488882,0,9,10.755607710532614
68.26342530276388,8.197753281660313,9.714446147157808,1.775526228945381,8,15,9.945779310552515
74.07485842171542,8.009859992628494,6.275005991524652,0.17323964425143604,5,8,11.419589052817535
67.3183839415605,10.0068750262361,3.748118680496403,-0.9016593232798565,3,8,12.571146248100762
47.72107758974206,8.839871838261727,11.483912375057313,-0.3011781866737688,4,13,10.331464215355828
78.16013664327888,10.589711420739373,2.8966279933978902,-0.3150217098767479,1,6,10.725399585580625
52.433477557188006,11.615433563374022,10.45562590835814,-1.2819440333863563,7,3,10.914785356048473
55.03321029048317,8.649083181768887,9.863228925739554,-0.5546585806369919,2,5,11.339862870336326
55.38964624951292,12.542806003196965,13.147360757702359,-1.4175109606548428,7,3,12.124674458769732
84.15286185941022,8.720999057243596,10.752707113805123,1.4777858019407317,3,13,10.588174441146442
45.11028754149223,9.97435961694562,2.002432528531072,1.3750383681485492,2,0,11.275527111997446
60.64505798542777,8.014164941449849,8.28286606893044,0.19415310792593643,7,11,10.931037202040295
55.998747156106774,12.83203814290484,8.75146225525284,0.4832332710936702,7,0,13.311174611721809
68.00671807836105,8.845405764227497,9.62544845261932,-0.6152374012567247,1,3,8.48720076738284
68.861531389926,8.615369127629767,13.188543706662369,2.753414824879005,5,3,10.12528539936814
66.05008172829059,8.919443948251196,13.267197428620644,-0.586550013594501,3,6,9.767093279321426
77.29455498700727,10.153261232673465,13.287187667183936,1.293620356310973,0,7,11.558578827786103
50.85239646014379,10.371203377927833,8.096614319526234,-1.448694186173399,2,14,10.06104740612362
43.19732315134625,9.62105058621918,14.75981708428577,1.0058191868833932,0,3,11.884481011739544
77.40068540344886,8.103106849410157,2.0724512040504286,0.284408470843756,1,2,11.814003246440992
73.27546976177403,9.693356186190663,8.080951793507786,-0.4251711075900659,6,9,9.556691132258917
61.0738543947652,9.321691410553921,5.519307900711354,-0.7576192786709242,3,11,11.385049694054151
73.91393507734396,9.541604584456959,9.224298575551355,0.6194879408537546,8,0,11.920107428549747
54.16162756306805,8.181183696434243,3.8765857738642726,0.827890402469507,1,13,10.227458828040739
48.72622889445567,8.655027296816279,13.727850753029434,-0.37107288999243265,6,13,11.325192991360423
52.17300375771288,12.030346552069568,5.285999767752037,0.8558897166579227,1,12,10.929031567150645
73.26149862673878,10.266514429516851,4.034949030520584,1.3252722464289122,4,12,10.701745214408193
58.864008009050735,11.212414031457833,10.30507089730883,-0.7113500954059939,4,11,11.709841334694964
57.45945041397177,9.69472540722679,11.67153865821918,-1.1810495175447078,3,8,10.953436620540698
49.979557233895804,10.906256781330354,14.885163780023406,0.6439229427843365,4,2,13.005064719976795
51.87428937083724,12.27148248711379,2.0925379504707697,-0.6450051671572323,8,10,11.799794436637711
55.80863316426972,10.311511373057181,7.335312664095639,0.19383477157929038,8,14,11.490926121307792
77.78490985364132,10.637552867543576,4.300703146315886,-1.3286673420600934,4,15,11.655744976870492
61.39707771879477,9.862312191307673,11.16898719333882,0.9969658677583456,6,11,12.407727051418117
71.23970720398894,9.861995631643984,6.617437046324735,-0.8437451256739485,2,0,11.551897137138564
58.67316743582602,9.90793690755892,2.4866165496703316,0.2589379362112316,5,9,10.64058011773479
67.18036892916707,9.44909288296011,2.023780196988916,-0.341653341488757,3,7,11.265183838892522
80.60801190410048,9.636415122564989,9.511376497507591,-0.26940144139938976,7,14,10.697362546887582
47.01620022513633,9.7664897089317,11.873112773051147,2.0294259389614253,6,3,11.116372346021718
49.87059983154787,11.234664158036093,10.36151484209145,-0.03451852962821254,4,8,9.297378648720045
60.121527845469274,8.081087103257481,3.390376842779247,-0.06194302926575646,7,5,9.488467222553963
64.74089127708275,11.753509574981265,3.8477057252193223,-1.2681863138758338,3,12,11.742109924855981
71.96351727947281,9.648808484392513,10.42113921877685,-0.0020404050101175504,5,4,11.745501123066056
54.71754675697459,10.242017204967198,9.051808841184636,-0.8053779217026024,7,2,12.552028169813426
58.36685720383481,9.633837323741266,5.903588886123393,-0.5276869146006856,0,10,11.144273348951064
65.2251543072861,10.553859324483241,6.590617425379578,-0.6117677495272897,6,11,10.831727513157455
56.233717616013095,12.011808544561916,13.188828143606598,0.17602422276231888,8,0,12.683309274514931
59.792200683390504,11.857678444902525,4.082691737637837,-0.845474982618914,5,14,10.668042014050767
46.573298548135625,12.156779908850904,5.635406086161014,0.5824135947899287,0,0,11.995671983348842
63.16515411234245,11.603795204152267,4.314655052059296,0.27058258104785193,1,15,10.791575763178079
70.70638178517652,10.782445774965137,2.7511400661109393,0.48998474614013654,6,5,12.501566464769605
73.73560054819173,10.195734382993404,11.421082510214909,0.02507783590927612,2,2,10.963075744314507
56.44799375198197,8.81388511905495,4.987369617694586,1.4905553356811223,4,7,11.285726345304317
58.06626602797148,8.065900244735628,2.289785597431108,-0.011336322814449273,5,15,11.405306849446456
73.63806966477676,8.15501885781223,8.887039464567415,0.8997383206009602,2,0,10.093783092566834
57.7960806120088,11.807706455367036,2.4859822027665093,-0.9195105021517163,8,2,9.11476142018732
64.79215185832979,8.383840629896357,10.362149671572292,-0.07585799320206074,6,5,10.103491848292103
56.10987669584459,12.558434319729683,14.00724594934535,0.1936522212301055,4,14,11.108943153183304
72.6338498948191,12.234487099729801,7.614133474403407,-1.0765646917946863,6,2,10.60832242088301
63.894012013076654,10.16324241620195,10.870342982342077,0.7923156162075475,5,13,12.131756830321212
58.67416069947216,10.533622224568283,4.993219811339889,0.2098750085466872,0,10,10.005869653162698
78.79143515027403,12.378769063122547,9.167009785909283,0.07174775738412681,5,12,12.570105761697004
59.915591535256766,11.977020452214582,14.769995629572584,-1.7584348200968698,6,5,11.647495973278454
41.13119762625318,12.338854081945946,9.911405513754861,1.7316788344955008,4,3,12.395348546354858
71.84890077869001,8.827143766541614,9.951722460455455,1.6960266184052883,1,7,9.813303403764387
77.44158954483098,11.901530965072205,7.19510373882726,-0.42237828935582633,2,0,12.746162793142371
61.69023721865047,12.312926458726496,14.120882651502866,0.8313319411084114,4,14,9.893297554352618
71.2639074113398,8.006505137395393,6.951922963333315,0.06490221688879474,2,10,11.218518471670246
83.99787848431853,12.609510733915517,14.168713724806823,-1.7489823950616532,8,3,11.317573993580336
68.4788110528004,11.859728605820893,8.939141513421443,-0.3893635193392492,6,15,10.998336853209533
64.18498092896229,8.84001264282493,2.2055120508069828,-0.13034004577689065,0,3,10.72066994828096
51.85307069051172,9.03082865845165,5.239720026823569,-0.9097520782272238,3,6,11.3664240402376
63.09953790971002,8.856873927222296,7.766948163818979,0.5285083631344989,3,5,10.656277528029015
75.35142380195646,11.029625443953696,3.4816766973612654,-1.3936626359718358,8,2,12.467088559405472
66.95714180495685,12.17610937525064,6.967302593709686,1.1969942961532924,4,0,12.381845293600676
61.92824120755159,9.553147443594325,3.341141563637972,-0.34537397922293545,2,7,12.703321194909122
77.95631361861908,9.234628538754235,11.277103624328168,-0.9031224230085266,5,0,11.596529631883463
56.59782298211119,12.461478004540918,12.1672797462037,-0.8319569267175643,8,7,10.161021935849497
66.1527370135816,12.499624199931649,10.298991513984987,1.382445278427856,6,0,9.380682345852932
79.14064781502952,12.62175441121168,5.001377620789151,1.5889252671979308,0,5,11.344296925900714
56.04517003099646,10.73379490357043,11.971074494603336,0.12690342349074557,0,13,9.750251444967967
70.06687635853213,9.22993068140885,5.106784111749876,-1.0467689253563794,7,14,12.133270480619105
53.70894700590773,8.641543420951487,5.518128181198368,0.6296673603363049,6,11,10.59065049832542
51.32819976036021,11.732815613052127,6.984913995408534,-1.007921424350137,1,14,12.186582865578556
58.98785002845024,11.123231927256953,8.8140629009058,-0.5156258804063838,1,0,12.438547512165831
66.19290815830117,10.369150646335832,10.475342315132243,0.8458600300720196,3,0,10.719538653575649
54.927635588222984,10.311702643873996,10.32720566243013,1.6712610084626054,8,3,10.109662389413167
62.065345504822034,11.790274495004113,9.538099945534457,0.7596969969864339,7,15,10.710120532000973
71.52657808452594,8.118429863857859,12.000004870064055,-0.41313861910392813,5,4,11.83190105518289
60.621119690534485,12.132107206364044,10.870881087971432,-1.3840570454445527,7,12,11.625928963500563
68.59353633629132,9.295786257429933,6.6811356723138005,-0.9139325158347895,4,12,11.826347939128057
60.66973461007453,8.98972898928066,7.560427582004347,1.777608398701926,5,7,11.003808063406456
68.26493402426776,8.720505450432588,3.183709393290281,0.5028471608713349,7,5,9.426683586444451
57.753594146588625,8.30140622424344,7.780965456525827,-0.634440831956471,8,2,9.4840097332989
55.526083878118115,9.858820661820207,13.60928584853695,-0.4207968847223268,2,4,10.375218221911616
76.43764890747767,10.69638190165493,5.02761552784553,-0.5487211151752527,5,8,13.369290959318054
60.421946992771744,12.373889959070066,4.503713319248353,1.0489887299534164,2,7,10.223325548072038
51.481169524804194,12.706909155003718,5.140498207729449,0.2862817317911517,4,4,9.938446240589835
58.63737960827895,12.86546022295249,14.523353611468215,-0.9983816818379139,6,11,10.008570383311847
67.53007126310123,10.577011984073458,6.2467601800166985,0.9735222072675975,4,0,11.094910199662317
65.13139451162921,8.91217776955419,9.469617837052095,-1.2762416090808195,7,6,10.67898376574682
56.432224203549964,9.15590346050197,3.507223385807643,1.7219590448302688,4,0,9.78251919094233
81.18915538745269,10.142205358066903,3.1529144749743505,1.0460138236014436,5,11,13.009227500503076
76.83335125554389,8.013146267173063,12.971413791109889,0.12474465014527265,5,7,10.078887985874145
74.32005175048756,8.937578772725626,11.21025166658272,0.6139151117176935,0,11,10.521494596504459
74.78286288669648,9.740876236071156,9.944600950270022,-0.41776355755133354,5,4,9.540081575619476
60.82576182704556,8.225853011229999,8.205190588298368,0.8144650335259063,1,2,10.408588184231583
60.8494568637677,9.440199082315814,3.009656070343602,-1.6506477701717102,8,4,10.563573445439035
82.00928110566133,11.546708456369203,9.831770644729586,0.27110899510272934,2,5,10.519287565406447
71.22130073155863,8.181401429955066,13.173439839431042,2.1396247214122326,1,13,10.845552982847648
49.07150788311903,12.100947132252912,14.851469832599632,0.9223371277540874,8,14,11.5270608725057
65.74103927811858,10.931789290951215,11.253201735117985,-0.39431787636411275,5,0,11.827605581450156
57.94116611536032,8.911106408673021,12.368362708381433,-0.12751125233304295,5,7,9.23454686459657
54.61133308448322,10.234076808047028,5.58993179329447,-0.6516215130051807,5,3,11.27155981897973
74.29410721453708,8.511348396388364,5.415322586480498,-0.45632933100791684,6,1,11.133748143361531
71.40992028936566,10.154838967717856,12.258560869549054,0.9066879882808165,4,11,9.731327475034316
65.29048000666779,9.442189602568247,14.57959856196905,2.0926148358602625,1,11,9.405692809653038
60.451907257315725,9.29593475375281,10.743910729845636,0.5238321889075577,1,11,9.586098084814738
